ResponseID,ResponseSet,Name,ExternalDataReference,EmailAddress,IPAddress,Status,StartDate,EndDate,Finished,CONSENT,INTRO, -The gesture could represent an object of any height, -The gesture could represent an object of any shape,Timing-First Click,Timing-Last Click,Timing-Page Submit,Timing-Click Count, -The gesture could represent an object of any height, -The gesture could represent an object of any shape,Timing-First Click,Timing-Last Click,Timing-Page Submit,Timing-Click Count, -The gesture could represent an object of any height, -The gesture could represent an object of any shape,Timing-First Click,Timing-Last Click,Timing-Page Submit,Timing-Click Count, -The gesture could represent an object of any height, -The gesture could represent an object of any shape,Timing-First Click,Timing-Last Click,Timing-Page Submit,Timing-Click Count, -The gesture could represent an object of any height, -The gesture could represent an object of any shape,Timing-First Click,Timing-Last Click,Timing-Page Submit,Timing-Click Count, -The gesture could represent an object of any height, -The gesture could represent an object of any shape,Timing-First Click,Timing-Last Click,Timing-Page Submit,Timing-Click Count, -The gesture could represent an object of any height, -The gesture could represent an object of any shape,Timing-First Click,Timing-Last Click,Timing-Page Submit,Timing-Click Count, -The gesture could represent an object of any height, -The gesture could represent an object of any shape,Timing-First Click,Timing-Last Click,Timing-Page Submit,Timing-Click Count, -The gesture could represent an object of any height, -The gesture could represent an object of any shape,Timing-First Click,Timing-Last Click,Timing-Page Submit,Timing-Click Count,"Please feel free to share any comments, questions, thoughts or ideas you have on the gesture you...",What is 4 plus 5?,What is your age?,What is your gender?,Are you left or right-handed?,What is your native language / your native languages? Your native language(s) is what you spoke a...,Please follow the link below and copy and paste all the from the text box into Amazon Mechanical...,Display Order: Block Randomizer FL_5,Display Order:  ,Display Order:  ,Display Order:  ,Display Order:  ,Display Order:  ,Display Order:  ,Display Order:  ,LocationLatitude,LocationLongitude,LocationAccuracy
R_2DOWcrYwLxGKFNm,Default Response Set,Anonymous,,,68.110.212.184,0,31/01/2017 09:59,31/01/2017 09:59,1,1,1,,,,,,,,,,,,,No,Yes,1,2,3,4,,,,,,,,,,,,,,,,,,,,,,,,,,,,,,,,,,,,,,9,26,male,right-handed,English,1,OnPinkie-Middle_0026,,,4|2,,,,,37.2519989,-79.97720337,-1
R_2CdF7LYR9tb60zR,Default Response Set,Anonymous,,,174.102.52.189,0,31/01/2017 09:59,31/01/2017 10:00,1,1,1,,,,,,,,,,,,,,,,,,,Yes,Yes,1,2,3,4,,,,,,,,,,,,,,,,,,,,,,,,,,,,,,,Gestures don't have to mirror what they mean.,9,29,female,right-handed,English,1,OnPinkie-Middle_0035,,,,,,,2|1,39.47920227,-84.71299744,-1
R_1P2jVCInDgy6qkO,Default Response Set,Anonymous,,,66.74.57.89,0,31/01/2017 09:59,31/01/2017 10:02,1,1,1,,,,,,,,,,,,,,,,,,,,,,,,,,,,,,,No,Yes,1,2,3,4,,,,,,,,,,,,,,,,,,,Thank You.,9,47,male,right-handed,English,1,OnPinkie-Middle_0053,,,,,2|1,,,34.1578064,-116.273201,-1
R_1kFgxTLQR3KT5zZ,Default Response Set,Anonymous,,,206.54.197.245,0,31/01/2017 10:00,31/01/2017 10:03,1,1,1,,,,,,,,,,,,,,,,,,,,,,,,,,,,,,,No,Yes,1,2,3,4,,,,,,,,,,,,,,,,,,,This was about a small object,9,26,female,right-handed,English,1,OnPinkie-Middle_0053,,,,,2|1,,,29.52879333,-95.52519989,-1
R_6PDiLPRlGfJ3Snf,Default Response Set,Anonymous,,,162.254.170.65,0,31/01/2017 10:03,31/01/2017 10:04,1,1,1,,,,,,,No,Yes,1,2,3,4,,,,,,,,,,,,,,,,,,,,,,,,,,,,,,,,,,,,,,,,,,,,9,28,female,right-handed,english,1,OnPinkie-Middle_0017,,2|4,,,,,,41.84829712,-87.65170288,-1
R_1dodrYtCtZ06xzj,Default Response Set,Anonymous,,,73.163.207.223,0,31/01/2017 10:08,31/01/2017 10:09,1,1,1,,,,,,,,,,,,,No,No,1,2,3,4,,,,,,,,,,,,,,,,,,,,,,,,,,,,,,,,,,,,,,9,38,female,right-handed,English,1,OnPinkie-Middle_0026,,,2|4,,,,,39.27839661,-76.55699921,-1
R_yHKJzQZ6or3mVdD,Default Response Set,Anonymous,,,75.139.11.202,0,31/01/2017 10:20,31/01/2017 10:22,1,1,1,,,,,,,,,,,,,,,,,,,,,,,,,No,Yes,1,2,3,4,,,,,,,,,,,,,,,,,,,,,,,,,None,9,32,female,right-handed,English,1,OnPinkie-Middle_0044,,,,1|2,,,,36.53649902,-82.46980286,-1
R_10qtEifh6yAVsYE,Default Response Set,Anonymous,,,73.192.27.97,0,31/01/2017 10:20,31/01/2017 10:22,1,1,1,,,,,,,,,,,,,,,,,,,No,No,1,2,3,4,,,,,,,,,,,,,,,,,,,,,,,,,,,,,,,"Looks like a half-circle, maybe the letter C or something like that.",9,43,male,right-handed,English,1,OnPinkie-Middle_0035,,,,,,,2|1,30.353302,-81.49900055,-1
R_UKooGtA0F8aTGet,Default Response Set,Anonymous,,,98.146.68.60,0,31/01/2017 10:20,31/01/2017 10:22,1,1,1,,,,,,,,,,,,,,,,,,,,,,,,,,,,,,,,,,,,,Yes,Yes,1,2,3,4,,,,,,,,,,,,,It looked like either the letter C or someone indicating something was small.,9,41,female,right-handed,English,1,OnPinkie-Middle_0062,,,,,,1|2,,47.78919983,-117.0265961,-1
R_yXccj81H6ayn4tj,Default Response Set,Anonymous,,,160.3.3.123,0,31/01/2017 10:22,31/01/2017 10:23,1,1,1,No,Yes,1,2,3,4,,,,,,,,,,,,,,,,,,,,,,,,,,,,,,,,,,,,,,,,,,,,,,,,,,9,26,male,right-handed,english,1,OnPinkie-Middle_0008,1|2,,,,,,,32.70379639,-109.6557999,-1
R_3RsJc0cj5acZAqb,Default Response Set,Anonymous,,,142.129.18.134,0,31/01/2017 10:23,31/01/2017 10:25,1,1,1,,,,,,,No,No,1,2,3,4,,,,,,,,,,,,,,,,,,,,,,,,,,,,,,,,,,,,,,,,,,,the gesture means small or to make smaller,9,30,female,right-handed,"english, tagalog",1,OnPinkie-Middle_0017,,2|4,,,,,,34.02810669,-117.9328003,-1
R_8dFn5fzuvy3kMuZ,Default Response Set,Anonymous,,,50.29.225.5,0,31/01/2017 10:23,31/01/2017 10:27,1,1,1,,,,,,,,,,,,,,,,,,,,,,,,,,,,,,,,,,,,,,,,,,,No,No,1,2,3,4,,,,,,,"Could not be any height, is only a certain height, Could be a circle, or apple for shape. Thank you",9,43,female,right-handed,English,1,OnPinkie-Middle_0071,,,,,,,,40.80160522,-76.43540192,-1
R_2Tq9AZomxbQ0KHm,Default Response Set,Anonymous,,,71.94.240.122,0,31/01/2017 10:49,31/01/2017 10:51,1,1,1,No,Yes,1,2,3,4,,,,,,,,,,,,,,,,,,,,,,,,,,,,,,,,,,,,,,,,,,,,,,,,,I think the gesture represents a small amount or size,9,45,male,right-handed,English,1,OnPinkie-Middle_0008,2|1,,,,,,,42.18510437,-121.6141052,-1
R_AcjTEIsaztQAT4Z,Default Response Set,Anonymous,,,24.252.142.16,0,31/01/2017 11:05,31/01/2017 11:08,1,1,1,,,,,,,,,,,,,No,Yes,1,2,3,4,,,,,,,,,,,,,,,,,,,,,,,,,,,,,,,,,,,,,,9,30,female,left-handed,English,1,OnPinkie-Middle_0026,,,4|2,,,,,37.2519989,-79.97720337,-1
R_3QGGAMVD1c1Sh1B,Default Response Set,Anonymous,,,73.244.199.117,0,31/01/2017 11:18,31/01/2017 11:20,1,1,1,,,,,,,,,,,,,,,,,,,,,,,,,No,Yes,1,2,3,4,,,,,,,,,,,,,,,,,,,,,,,,,,9,55,male,right-handed,english,1,OnPinkie-Middle_0044,,,,2|1,,,,26.02119446,-80.1894989,-1
R_1fds6mfSjfFWTKr,Default Response Set,Anonymous,,,97.97.186.255,0,31/01/2017 11:23,31/01/2017 11:26,1,1,1,,,,,,,,,,,,,,,,,,,,,,,,,,,,,,,Yes,No,1,2,3,4,,,,,,,,,,,,,,,,,,,"The gesture could represent something in the shape of a ""c,"" or it could represent the size of something.",9,43,male,right-handed,English,1,OnPinkie-Middle_0053,,,,,2|1,,,28.34660339,-82.2480011,-1
R_1DMABy8GcjKVn6i,Default Response Set,Anonymous,,,98.210.28.164,0,31/01/2017 11:28,31/01/2017 11:30,1,1,1,No,Yes,1,2,3,4,,,,,,,,,,,,,,,,,,,,,,,,,,,,,,,,,,,,,,,,,,,,,,,,,"Seems like it was showing something relatively small, but hard to say besides that.",9,31,male,right-handed,English,1,OnPinkie-Middle_0008,1|2,,,,,,,37.81159973,-122.2420044,-1
R_2QFq4wj4gTI3S9L,Default Response Set,Anonymous,,,173.63.97.95,0,31/01/2017 11:29,31/01/2017 11:33,1,1,1,,,,,,,,,,,,,No,No,1,2,3,4,,,,,,,,,,,,,,,,,,,,,,,,,,,,,,,,,,,,,"It seems like a gesture that could be used to say something is small, or round, or curved/c-shaped, etc.",9,25,male,left-handed,English,1,OnPinkie-Middle_0026,,,2|4,,,,,40.84609985,-74.59140015,-1
R_Apa1R2DQkjQADVD,Default Response Set,Anonymous,,,174.140.64.232,0,31/01/2017 11:40,31/01/2017 11:41,1,1,1,,,,,,,,,,,,,,,,,,,,,,,,,,,,,,,,,,,,,,,,,,,No,No,1,2,3,4,,,,,,,,9,55,male,right-handed,english,1,OnPinkie-Middle_0071,,,,,,,,39.89370728,-79.74919891,-1
R_3D78xZyBzHKFXBL,Default Response Set,Anonymous,,,72.208.193.156,0,31/01/2017 11:40,31/01/2017 11:41,1,1,1,,,,,,,,,,,,,,,,,,,No,Yes,1,2,3,4,,,,,,,,,,,,,,,,,,,,,,,,,,,,,,,it looks like a gang sign,9,35,male,right-handed,english,1,OnPinkie-Middle_0035,,,,,,,2|1,33.32330322,-111.8244019,-1
R_3kIoS7NQxuPs01V,Default Response Set,Anonymous,,,75.183.32.5,0,31/01/2017 12:03,31/01/2017 12:04,1,1,1,,,,,,,,,,,,,,,,,,,,,,,,,,,,,,,,,,,,,No,No,1,2,3,4,,,,,,,,,,,,,it suggests something small in my opinion,9,35,male,right-handed,English,1,OnPinkie-Middle_0062,,,,,,1|2,,36.14599609,-80.32430267,-1
R_55x6hXqPzEAqIc9,Default Response Set,Anonymous,,,157.248.64.20,0,31/01/2017 12:11,31/01/2017 12:14,1,1,1,,,,,,,No,No,1,2,3,4,,,,,,,,,,,,,,,,,,,,,,,,,,,,,,,,,,,,,,,,,,,,9,59,female,right-handed,English,1,OnPinkie-Middle_0017,,2|4,,,,,,44.55259705,-89.51670074,-1
R_Xh9B1WhYHxUtFa9,Default Response Set,Anonymous,,,76.182.76.250,0,31/01/2017 12:17,31/01/2017 12:18,1,1,1,,,,,,,,,,,,,,,,,,,,,,,,,Yes,No,1,2,3,4,,,,,,,,,,,,,,,,,,,,,,,,,,9,50,male,right-handed,English,1,OnPinkie-Middle_0044,,,,1|2,,,,35.77160645,-78.63559723,-1
R_2bmdl9YzZOEQ8Zb,Default Response Set,Anonymous,,,24.206.174.70,0,31/01/2017 12:18,31/01/2017 12:19,1,1,1,,,,,,,,,,,,,,,,,,,,,,,,,,,,,,,Yes,Yes,1,2,3,4,,,,,,,,,,,,,,,,,,,,9,26,male,right-handed,English,1,OnPinkie-Middle_0053,,,,,2|1,,,40.71769714,-124.1147003,-1
R_6VdnXthxuEacTWF,Default Response Set,Anonymous,,,74.132.157.83,0,31/01/2017 13:29,31/01/2017 13:30,1,1,1,,,,,,,,,,,,,,,,,,,,,,,,,,,,,,,,,,,,,No,No,1,2,3,4,,,,,,,,,,,,,"It seemed to be a small object, and flat on two sides.",9,38,male,right-handed,English,1,OnPinkie-Middle_0062,,,,,,2|1,,36.87930298,-86.45980072,-1
R_1hZu3Ix4njoW7VA,Default Response Set,Anonymous,,,73.66.52.141,0,31/01/2017 13:30,31/01/2017 13:30,1,1,1,,,,,,,,,,,,,Yes,Yes,1,2,3,4,,,,,,,,,,,,,,,,,,,,,,,,,,,,,,,,,,,,,,9,22,male,right-handed,English,1,OnPinkie-Middle_0026,,,4|2,,,,,38.53700256,-121.6631012,-1
R_1IYp3Y3IVLZ4bgY,Default Response Set,Anonymous,,,173.216.247.111,0,31/01/2017 13:27,31/01/2017 13:30,1,1,1,,,,,,,,,,,,,,,,,,,Yes,No,1,2,3,4,,,,,,,,,,,,,,,,,,,,,,,,,,,,,,,"I think the object is supposed to fit inside of the fingers, even if it's a minimized version of it. This means that the object can't be much taller than it is wide, so it can't be any shape. ",9,28,male,right-handed,English,1,OnPinkie-Middle_0035,,,,,,,1|2,36.66960144,-93.2614975,-1
R_1gMiit3xZQXPTBS,Default Response Set,Anonymous,,,67.237.4.43,0,31/01/2017 13:50,31/01/2017 13:56,1,1,1,,,,,,,No,Yes,1,2,3,4,,,,,,,,,,,,,,,,,,,,,,,,,,,,,,,,,,,,,,,,,,,It looked to me like it was signaling the size of something because most people use this gesture to describe size. I think most people would say what shape something is.,9,52,female,right-handed,English,1,OnPinkie-Middle_0017,,2|4,,,,,,41.06669617,-74.81279755,-1
R_qxekQokHtVKOGA1,Default Response Set,Anonymous,,,67.253.191.122,0,31/01/2017 15:57,31/01/2017 15:57,1,1,1,,,,,,,,,,,,,,,,,,,,,,,,,,,,,,,,,,,,,,,,,,,,,,,,,No,Yes,1,2,3,4,It would be used to represent something being small,9,30,male,right-handed,English,1,OnPinkie-Middle_0080,,,,,,,,43.16670227,-77.82520294,-1
R_25yaX1bOHM75jYF,Default Response Set,Anonymous,,,173.174.111.130,0,31/01/2017 15:57,31/01/2017 16:00,1,1,1,No,Yes,1,2,3,4,,,,,,,,,,,,,,,,,,,,,,,,,,,,,,,,,,,,,,,,,,,,,,,,,"While it could be about an object, and a reference to its height, it could also be an answer to ""how much""",9,36,male,left-handed,English,1,OnPinkie-Middle_0008,2|1,,,,,,,30.38400269,-97.70729828,-1
R_PTBysQhAHbb4q89,Default Response Set,Anonymous,,,73.8.95.242,0,31/01/2017 20:26,31/01/2017 20:27,1,1,1,,,,,,,,,,,,,,,,,,,,,,,,,,,,,,,Yes,Yes,1,2,3,4,,,,,,,,,,,,,,,,,,,I think this gesture is pretty broad in terms of what it could mean or be physically indicating.,9,30,female,right-handed,English,1,OnPinkie-Middle_0053,,,,,1|2,,,41.97590637,-87.70159912,-1
R_3ISRpo3rHIFOxUF,Default Response Set,Anonymous,,,73.76.253.50,0,31/01/2017 21:05,31/01/2017 21:08,1,1,1,,,,,,,,,,,,,,,,,,,,,,,,,,,,,,,,,,,,,,,,,,,,,,,,,Yes,Yes,1,2,3,4,"I interpreted ""any"" size or shape as being the alternative to ""no"" size or shape.",9,56,male,right-handed,English,1,OnPinkie-Middle_0080,,,,,,,,29.03219604,-95.46990204,-1
R_1oBCSYGQWZFkIaW,Default Response Set,Anonymous,,,69.145.11.9,0,31/01/2017 21:22,31/01/2017 21:24,1,1,1,,,,,,,,,,,,,,,,,,,,,,,,,No,Yes,1,2,3,4,,,,,,,,,,,,,,,,,,,,,,,,,seems to indicate the height or comparative height of an object,9,55,male,right-handed,English,1,OnPinkie-Middle_0044,,,,2|1,,,,41.10339355,-104.905899,-1
R_1QyIWINhiOVFYuI,Default Response Set,Anonymous,,,70.118.246.32,0,31/01/2017 23:02,31/01/2017 23:04,1,1,1,,,,,,,,,,,,,,,,,,,,,,,,,,,,,,,,,,,,,No,Yes,1,2,3,4,,,,,,,,,,,,,,9,44,male,right-handed,English,1,OnPinkie-Middle_0062,,,,,,2|1,,39.03439331,-94.57219696,-1
R_syWNvU9XeH0uH3X,Default Response Set,Anonymous,,,50.199.202.225,0,31/01/2017 23:35,31/01/2017 23:39,1,1,1,No,Yes,1,2,3,4,,,,,,,,,,,,,,,,,,,,,,,,,,,,,,,,,,,,,,,,,,,,,,,,,,9,32,male,right-handed,English,1,OnPinkie-Middle_0008,2|1,,,,,,,41.3433075,-73.06539917,-1
R_sSTrQFa6ykQauc1,Default Response Set,Anonymous,,,71.75.51.86,0,01/02/2017 02:09,01/02/2017 02:12,1,1,1,,,,,,,,,,,,,,,,,,,,,,,,,,,,,,,,,,,,,No,No,1,2,3,4,,,,,,,,,,,,,The gesture represented a specific height and shape to me. ,9,41,female,right-handed,English,1,OnPinkie-Middle_0062,,,,,,1|2,,35.29359436,-80.73500061,-1
R_2y45Z3LyaRVeo4x,Default Response Set,Anonymous,,,50.80.88.24,0,01/02/2017 04:24,01/02/2017 04:28,1,1,1,,,,,,,,,,,,,,,,,,,,,,,,,,,,,,,Yes,No,1,2,3,4,,,,,,,,,,,,,,,,,,,My guess is it would be representing something C shaped or round.,9,34,male,right-handed,English,1,OnPinkie-Middle_0053,,,,,2|1,,,41.56640625,-93.7405014,-1
R_27Qkf4rfWHjOqYM,Default Response Set,Anonymous,,,205.56.181.195,0,01/02/2017 04:54,01/02/2017 04:56,1,1,1,,,,,,,,,,,,,,,,,,,Yes,Yes,1,2,3,4,,,,,,,,,,,,,,,,,,,,,,,,,,,,,,,"None, like something was being pinched or measured",9,30,male,right-handed,english,1,OnPinkie-Middle_0035,,,,,,,1|2,0,0,-1
R_WkxmVXc2yB4iaQ1,Default Response Set,Anonymous,,,98.148.181.74,0,01/02/2017 05:48,01/02/2017 05:51,1,1,1,,,,,,,,,,,,,No,Yes,1,2,3,4,,,,,,,,,,,,,,,,,,,,,,,,,,,,,,,,,,,,,,9,26,male,right-handed,English,1,OnPinkie-Middle_0026,,,2|4,,,,,33.87030029,-117.9253006,-1
R_27VcW2oA63kNd9C,Default Response Set,Anonymous,,,64.132.177.45,0,01/02/2017 07:24,01/02/2017 07:25,1,1,1,Yes,Yes,1,2,3,4,,,,,,,,,,,,,,,,,,,,,,,,,,,,,,,,,,,,,,,,,,,,,,,,,,9,45,male,right-handed,English,1,OnPinkie-Middle_0008,1|2,,,,,,,42.05090332,-75.88909912,-1
R_2BqVZSfDeDvXgZq,Default Response Set,Anonymous,,,67.11.212.123,0,01/02/2017 08:46,01/02/2017 08:47,1,1,1,,,,,,,,,,,,,,,,,,,,,,,,,,,,,,,,,,,,,,,,,,,No,No,1,2,3,4,,,,,,,,9,32,male,right-handed,english,1,OnPinkie-Middle_0071,,,,,,,,29.58340454,-98.3993988,-1
R_1NDMdZmKVO2zeQc,Default Response Set,Anonymous,,,96.40.52.245,0,01/02/2017 09:39,01/02/2017 09:40,1,1,1,,,,,,,,,,,,,,,,,,,,,,,,,,,,,,,,,,,,,,,,,,,,,,,,,No,Yes,1,2,3,4,,9,49,male,right-handed,english,1,OnPinkie-Middle_0080,,,,,,,,32.69090271,-97.26380157,-1
R_C7hxVJczv0xbqgh,Default Response Set,Anonymous,,,96.33.179.6,0,01/02/2017 09:39,01/02/2017 09:40,1,1,1,,,,,,,No,Yes,1,2,3,4,,,,,,,,,,,,,,,,,,,,,,,,,,,,,,,,,,,,,,,,,,,It seems to indicate that something is small.,9,41,male,right-handed,English ,1,OnPinkie-Middle_0017,,4|2,,,,,,30.3598938,-90.04869843,-1
R_25vkVJAgEb57GeM,Default Response Set,Anonymous,,,96.250.251.64,0,01/02/2017 09:39,01/02/2017 09:41,1,1,1,,,,,,,,,,,,,No,Yes,1,2,3,4,,,,,,,,,,,,,,,,,,,,,,,,,,,,,,,,,,,,,,9,56,female,right-handed,English,1,OnPinkie-Middle_0026,,,2|4,,,,,40.62519836,-73.9457016,-1
R_2fjJALm5sM4IQqd,Default Response Set,Anonymous,,,96.244.188.195,0,01/02/2017 09:41,01/02/2017 09:44,1,1,1,,,,,,,,,,,,,,,,,,,Yes,Yes,1,2,3,4,,,,,,,,,,,,,,,,,,,,,,,,,,,,,,,It is usually a gesture to represent something small.,9,26,male,right-handed,English,1,OnPinkie-Middle_0035,,,,,,,2|1,39.26939392,-76.74469757,-1
R_3nuwY7Pivw2Czyy,Default Response Set,Anonymous,,,69.29.51.144,0,01/02/2017 09:44,01/02/2017 09:45,1,1,1,Yes,No,1,2,3,4,,,,,,,,,,,,,,,,,,,,,,,,,,,,,,,,,,,,,,,,,,,,,,,,,None,9,30,male,left-handed,English,1,OnPinkie-Middle_0008,1|2,,,,,,,36.66960144,-93.2614975,-1
R_1mXBd240U5J5Hda,Default Response Set,Anonymous,,,67.183.17.42,0,01/02/2017 09:44,01/02/2017 09:45,1,1,1,Yes,No,1,2,3,4,,,,,,,,,,,,,,,,,,,,,,,,,,,,,,,,,,,,,,,,,,,,,,,,,I thought it is a very common gesture when you want to measure something.,9,25,male,right-handed,"English, Russian",1,OnPinkie-Middle_0008,1|2,,,,,,,47.65139771,-122.4077988,-1
R_2qlpew4WzmZe9iR,Default Response Set,Anonymous,,,4.35.222.194,0,01/02/2017 09:45,01/02/2017 09:46,1,1,1,,,,,,,,,,,,,,,,,,,No,Yes,1,2,3,4,,,,,,,,,,,,,,,,,,,,,,,,,,,,,,,,9,19,male,right-handed,English,1,OnPinkie-Middle_0035,,,,,,,1|2,39.92390442,-75.62030029,-1
R_3NLp6PBWEoZaycl,Default Response Set,Anonymous,,,190.75.78.26,0,01/02/2017 09:43,01/02/2017 09:47,1,1,1,,,,,,,Yes,Yes,1,2,3,4,,,,,,,,,,,,,,,,,,,,,,,,,,,,,,,,,,,,,,,,,,,It is a gesture that descibes the size and shape.,9,25,female,right-handed,English,1,OnPinkie-Middle_0017,,2|4,,,,,,10.5,-66.91670227,-1
R_x48rokSJ0mT5MDn,Default Response Set,Anonymous,,,184.166.87.77,0,01/02/2017 09:44,01/02/2017 09:48,1,1,1,,,,,,,,,,,,,,,,,,,,,,,,,,,,,,,,,,,,,No,Yes,1,2,3,4,,,,,,,,,,,,,It indicates when someone or something is small.,9,25,male,right-handed,English,1,OnPinkie-Middle_0062,,,,,,1|2,,46.85820007,-113.9896011,-1
R_WBed4s5rNhH6MqB,Default Response Set,Anonymous,,,24.181.186.84,0,01/02/2017 09:51,01/02/2017 09:53,1,1,1,,,,,,,,,,,,,,,,,,,,,,,,,No,No,1,2,3,4,,,,,,,,,,,,,,,,,,,,,,,,,Looks like sign language.,9,27,male,right-handed,english,1,OnPinkie-Middle_0044,,,,2|1,,,,44.7454071,-73.46279907,-1
R_1IW1fFCjxrGQbSY,Default Response Set,Anonymous,,,85.203.17.254,0,01/02/2017 09:53,01/02/2017 09:54,1,1,1,,,,,,,,,,,,,,,,,,,,,,,,,,,,,,,,,,,,,,,,,,,,,,,,,No,Yes,1,2,3,4,NA,9,29,male,right-handed,English,1,OnPinkie-Middle_0080,,,,,,,,48.84480286,2.347106934,-1
R_1nZN7lFhGjeiqV8,Default Response Set,Anonymous,,,75.139.41.157,0,01/02/2017 09:56,01/02/2017 09:58,1,1,1,,,,,,,,,,,,,No,No,1,2,3,4,,,,,,,,,,,,,,,,,,,,,,,,,,,,,,,,,,,,,It looked like a pinch or small amount,9,32,female,right-handed,English,1,OnPinkie-Middle_0026,,,2|4,,,,,33.18409729,-86.25150299,-1
R_2zr41HSEqf8tCqa,Default Response Set,Anonymous,,,68.35.23.92,0,01/02/2017 09:54,01/02/2017 09:58,1,1,1,,,,,,,,,,,,,,,,,,,,,,,,,,,,,,,,,,,,,,,,,,,No,Yes,1,2,3,4,,,,,,,No comment.,9,38,male,right-handed,English,1,OnPinkie-Middle_0071,,,,,,,,34.56219482,-86.51560211,-1
R_2ztC0MuJz9rDlxr,Default Response Set,Anonymous,,,68.113.129.22,0,01/02/2017 09:59,01/02/2017 10:00,1,1,1,No,Yes,1,2,3,4,,,,,,,,,,,,,,,,,,,,,,,,,,,,,,,,,,,,,,,,,,,,,,,,,the gesture indicated how tall something was,9,35,male,right-handed,English,1,OnPinkie-Middle_0008,1|2,,,,,,,45.88090515,-87.05039978,-1
R_NVz9DCoiSmr2ZNv,Default Response Set,Anonymous,,,67.186.29.207,0,01/02/2017 10:05,01/02/2017 10:06,1,1,1,,,,,,,,,,,,,,,,,,,,,,,,,,,,,,,,,,,,,No,Yes,1,2,3,4,,,,,,,,,,,,,It looked like they were showing a small object,9,31,male,right-handed,english,1,OnPinkie-Middle_0062,,,,,,2|1,,40.33560181,-79.55069733,-1
R_1HiplKgoRKdQbGd,Default Response Set,Anonymous,,,104.174.223.0,0,01/02/2017 12:35,01/02/2017 12:36,1,1,1,,,,,,,,,,,,,,,,,,,,,,,,,Yes,No,1,2,3,4,,,,,,,,,,,,,,,,,,,,,,,,,,9,27,male,right-handed,English,1,OnPinkie-Middle_0044,,,,1|2,,,,34.07899475,-117.8493958,-1
R_1nQ2tMLVPdik01r,Default Response Set,Anonymous,,,73.250.213.169,0,01/02/2017 12:34,01/02/2017 12:36,1,1,1,,,,,,,No,No,1,2,3,4,,,,,,,,,,,,,,,,,,,,,,,,,,,,,,,,,,,,,,,,,,,"It could be numerous shapes...but not ""any""  & one size only",9,61,male,right-handed,english,1,OnPinkie-Middle_0017,,2|4,,,,,,39.3433075,-77.57389832,-1
R_3fZhjEvCjSnHRK5,Default Response Set,Anonymous,,,12.153.123.146,0,01/02/2017 12:36,01/02/2017 12:37,1,1,1,,,,,,,,,,,,,Yes,No,1,2,3,4,,,,,,,,,,,,,,,,,,,,,,,,,,,,,,,,,,,,,It can also represent an amount,9,35,female,left-handed,English,1,OnPinkie-Middle_0026,,,2|4,,,,,37.75100708,-97.8219986,-1
R_1jec5DBaXhLgkMK,Default Response Set,Anonymous,,,100.40.130.238,0,01/02/2017 12:36,01/02/2017 12:37,1,1,1,,,,,,,,,,,,,,,,,,,,,,,,,,,,,,,,,,,,,,,,,,,,,,,,,No,Yes,1,2,3,4,,9,21,female,right-handed,English,1,OnPinkie-Middle_0080,,,,,,,,41.71670532,-74.00789642,-1
R_1IXEq7dw70p9RMd,Default Response Set,Anonymous,,,71.237.147.63,0,01/02/2017 12:36,01/02/2017 12:38,1,1,1,,,,,,,,,,,,,,,,,,,,,,,,,,,,,,,,,,,,,,,,,,,,,,,,,Yes,No,1,2,3,4,It seems to be someone describing the girth of a cylinder.,9,34,male,right-handed,English,1,OnPinkie-Middle_0080,,,,,,,,44.90159607,-122.9223022,-1
R_2SH3I9FNZk2hV8U,Default Response Set,Anonymous,,,67.134.55.204,0,01/02/2017 12:40,01/02/2017 12:41,1,1,1,,,,,,,,,,,,,,,,,,,Yes,No,1,2,3,4,,,,,,,,,,,,,,,,,,,,,,,,,,,,,,,Emphasizes small,9,48,female,right-handed,English,1,OnPinkie-Middle_0035,,,,,,,2|1,41.51589966,-108.9942017,-1
R_4ILM8RxzupQbxx7,Default Response Set,Anonymous,,,97.125.108.28,0,01/02/2017 12:41,01/02/2017 12:42,1,1,1,,,,,,,,,,,,,,,,,,,,,,,,,Yes,Yes,1,2,3,4,,,,,,,,,,,,,,,,,,,,,,,,,,9,22,male,left-handed,English,1,OnPinkie-Middle_0044,,,,2|1,,,,44.04859924,-123.219696,-1
R_2SAlx2NZZvskzO2,Default Response Set,Anonymous,,,216.49.50.155,0,01/02/2017 12:46,01/02/2017 12:48,1,1,1,,,,,,,Yes,Yes,1,2,3,4,,,,,,,,,,,,,,,,,,,,,,,,,,,,,,,,,,,,,,,,,,,,9,18,male,right-handed,English,1,OnPinkie-Middle_0017,,4|2,,,,,,40.99949646,-75.1812973,-1
R_3F3bT91lGfuB5uM,Default Response Set,Anonymous,,,74.213.35.174,0,01/02/2017 12:50,01/02/2017 12:50,1,1,1,,,,,,,,,,,,,,,,,,,,,,,,,,,,,,,,,,,,,,,,,,,Yes,Yes,1,2,3,4,,,,,,,It is gesturing at something small,9,24,male,right-handed,English,1,OnPinkie-Middle_0071,,,,,,,,35.47070313,-97.52050018,-1
R_3GD77fND4VnNyvD,Default Response Set,Anonymous,,,216.14.243.32,0,01/02/2017 12:49,01/02/2017 12:51,1,1,1,,,,,,,,,,,,,,,,,,,,,,,,,,,,,,,Yes,Yes,1,2,3,4,,,,,,,,,,,,,,,,,,,,9,35,female,right-handed,English,1,OnPinkie-Middle_0053,,,,,1|2,,,47.05659485,-114.976799,-1
R_AbaEi2zFTIQDelX,Default Response Set,Anonymous,,,216.15.59.152,0,01/02/2017 13:12,01/02/2017 13:13,1,1,1,,,,,,,,,,,,,,,,,,,,,,,,,,,,,,,Yes,Yes,1,2,3,4,,,,,,,,,,,,,,,,,,,,9,24,male,right-handed,English,1,OnPinkie-Middle_0053,,,,,1|2,,,38.91439819,-77.07630157,-1
R_9sfYTV2FCvNkZnX,Default Response Set,Anonymous,,,73.141.79.129,0,01/02/2017 13:13,01/02/2017 13:14,1,1,1,,,,,,,,,,,,,,,,,,,,,,,,,,,,,,,,,,,,,No,No,1,2,3,4,,,,,,,,,,,,,I thought it was indicative of something small,9,26,female,right-handed,English,1,OnPinkie-Middle_0062,,,,,,2|1,,39.93589783,-75.15339661,-1
R_3eyligCTjfQ004X,Default Response Set,Anonymous,,,69.130.122.37,0,01/02/2017 13:13,01/02/2017 13:15,1,1,1,,,,,,,,,,,,,,,,,,,,,,,,,Yes,Yes,1,2,3,4,,,,,,,,,,,,,,,,,,,,,,,,,It looks like the gesture for showing the size of something with your index finger and thumb,9,25,male,right-handed,English,1,OnPinkie-Middle_0044,,,,1|2,,,,37.67750549,-113.0618973,-1
R_1ooJ03hjlZeHmnN,Default Response Set,Anonymous,,,50.27.22.249,0,01/02/2017 13:13,01/02/2017 13:15,1,1,1,,,,,,,,,,,,,No,Yes,1,2,3,4,,,,,,,,,,,,,,,,,,,,,,,,,,,,,,,,,,,,,I took my time with it as at first it did feel like the shape of the hand dictated the shape of the object. But on closer attention it's only the height that is actually demonstrated by the hand.,9,47,female,right-handed,French,1,OnPinkie-Middle_0026,,,4|2,,,,,33.61410522,-101.9573975,-1
R_1GDp4EcTzdfnHGY,Default Response Set,Anonymous,,,199.47.67.40,0,01/02/2017 13:13,01/02/2017 13:15,1,1,1,,,,,,,,,,,,,,,,,,,,,,,,,,,,,,,,,,,,,No,No,1,2,3,4,,,,,,,,,,,,,"it looked like the letter ""c"" to me",9,51,female,right-handed,english,1,OnPinkie-Middle_0062,,,,,,1|2,,40.16769409,-103.5367966,-1
R_3JsDOWen8jNH5Em,Default Response Set,Anonymous,,,96.66.162.201,0,01/02/2017 13:14,01/02/2017 13:15,1,1,1,,,,,,,No,Yes,1,2,3,4,,,,,,,,,,,,,,,,,,,,,,,,,,,,,,,,,,,,,,,,,,,"To me, it looked like the hand was showing how tall something was",9,42,female,right-handed,english,1,OnPinkie-Middle_0017,,2|4,,,,,,40.44259644,-79.97699738,-1
R_25Wo5kC2WHH5yqd,Default Response Set,Anonymous,,,24.225.119.55,0,01/02/2017 13:14,01/02/2017 13:16,1,1,1,,,,,,,,,,,,,,,,,,,No,No,1,2,3,4,,,,,,,,,,,,,,,,,,,,,,,,,,,,,,,"I think it represents a shape that is either roughly the same length in its three dimensions, or where the height dimension is largest.",9,38,male,right-handed,English,1,OnPinkie-Middle_0035,,,,,,,1|2,48.14639282,-96.17649841,-1
R_38G53zLGmNpPeIp,Default Response Set,Anonymous,,,70.168.7.208,0,01/02/2017 13:13,01/02/2017 13:17,1,1,1,No,No,1,2,3,4,,,,,,,,,,,,,,,,,,,,,,,,,,,,,,,,,,,,,,,,,,,,,,,,,looks like the hand is measuring a distance of 2-3 inches,9,60,male,right-handed,English,1,OnPinkie-Middle_0008,1|2,,,,,,,41.60920715,-71.17440033,-1
R_YPNhpj1OZ4gwTbb,Default Response Set,Anonymous,,,50.48.190.227,0,01/02/2017 13:16,01/02/2017 13:21,1,1,1,,,,,,,,,,,,,,,,,,,,,,,,,,,,,,,,,,,,,,,,,,,Yes,No,1,2,3,4,,,,,,,"If the gerture is only to describe the height of an object then I would say yes. the object could be any shape, But if it is for shape alone than no it does fit for shape only.",9,62,female,right-handed,English,1,OnPinkie-Middle_0071,,,,,,,,43.18190002,-77.64009857,-1
R_3RrytsC7C3gUMsh,Default Response Set,Anonymous,,,184.156.205.248,0,01/02/2017 13:25,01/02/2017 13:27,1,1,1,,,,,,,,,,,,,,,,,,,,,,,,,,,,,,,No,Yes,1,2,3,4,,,,,,,,,,,,,,,,,,,,9,52,male,right-handed,english,1,OnPinkie-Middle_0053,,,,,2|1,,,35.20150757,-94.19360352,-1
R_1hExgvnk5nMN3Py,Default Response Set,Anonymous,,,73.14.39.123,0,01/02/2017 13:26,01/02/2017 13:27,1,1,1,,,,,,,,,,,,,,,,,,,No,Yes,1,2,3,4,,,,,,,,,,,,,,,,,,,,,,,,,,,,,,,It looks like a gesture for a small object,9,31,male,right-handed,English,1,OnPinkie-Middle_0035,,,,,,,2|1,40.52400208,-105.1396027,-1
R_pz6wGm4mgIaE9u9,Default Response Set,Anonymous,,,70.112.34.76,0,01/02/2017 13:25,01/02/2017 13:28,1,1,1,,,,,,,,,,,,,,,,,,,,,,,,,,,,,,,,,,,,,,,,,,,,,,,,,No,Yes,1,2,3,4,It looked like a hand gesture I might make if someone asked me how big an item was.,9,54,male,right-handed,English,1,OnPinkie-Middle_0080,,,,,,,,30.41540527,-97.79820251,-1
R_24CrT3bOqKrIz1z,Default Response Set,Anonymous,,,99.166.163.47,0,01/02/2017 13:26,01/02/2017 13:28,1,1,1,Yes,Yes,1,2,3,4,,,,,,,,,,,,,,,,,,,,,,,,,,,,,,,,,,,,,,,,,,,,,,,,,I view someone trying to show someone how big something is,9,32,male,ambidextrous,English,1,OnPinkie-Middle_0008,2|1,,,,,,,30.28010559,-81.40499878,-1
R_2f1VswDddJaNFqe,Default Response Set,Anonymous,,,162.226.190.29,0,01/02/2017 13:36,01/02/2017 13:37,1,1,1,No,Yes,1,2,3,4,,,,,,,,,,,,,,,,,,,,,,,,,,,,,,,,,,,,,,,,,,,,,,,,,Small item.,9,25,male,left-handed,English,1,OnPinkie-Middle_0008,1|2,,,,,,,33.87030029,-117.9253006,-1
R_3qCqx5aE6T1728h,Default Response Set,Anonymous,,,75.132.108.44,0,01/02/2017 13:36,01/02/2017 13:37,1,1,1,,,,,,,,,,,,,,,,,,,,,,,,,Yes,No,1,2,3,4,,,,,,,,,,,,,,,,,,,,,,,,,,9,37,male,right-handed,English,1,OnPinkie-Middle_0044,,,,1|2,,,,38.60189819,-89.9138031,-1
R_sYY3L4qcztwcWf7,Default Response Set,Anonymous,,,47.33.178.47,0,01/02/2017 13:35,01/02/2017 13:38,1,1,1,,,,,,,,,,,,,No,No,1,2,3,4,,,,,,,,,,,,,,,,,,,,,,,,,,,,,,,,,,,,,"The gesture could represent the letter ""C"" or a small amount of something ",9,66,female,right-handed,English,1,OnPinkie-Middle_0026,,,4|2,,,,,43.05279541,-123.2086029,-1
R_2pKrcK7gryc0vri,Default Response Set,Anonymous,,,73.43.39.221,0,01/02/2017 13:38,01/02/2017 13:40,1,1,1,,,,,,,,,,,,,,,,,,,,,,,,,,,,,,,No,No,1,2,3,4,,,,,,,,,,,,,,,,,,,It shows a small size. ,9,29,male,right-handed,English,1,OnPinkie-Middle_0053,,,,,2|1,,,33.71710205,-84.32879639,-1
R_1rBmPyrSPHiGcEe,Default Response Set,Anonymous,,,173.217.105.151,0,01/02/2017 13:42,01/02/2017 13:43,1,1,1,,,,,,,,,,,,,,,,,,,,,,,,,,,,,,,,,,,,,,,,,,,,,,,,,Yes,Yes,1,2,3,4,"it means the proportion of an object, amount, or idea to be medium-sized",9,34,male,right-handed,English,1,OnPinkie-Middle_0080,,,,,,,,32.70809937,-93.2779007,-1
R_245xSuAs58Nbk9j,Default Response Set,Anonymous,,,68.197.203.169,0,01/02/2017 13:48,01/02/2017 13:48,1,1,1,,,,,,,,,,,,,,,,,,,,,,,,,,,,,,,,,,,,,,,,,,,,,,,,,Yes,No,1,2,3,4,,9,22,male,right-handed,English,1,OnPinkie-Middle_0080,,,,,,,,41.25439453,-74.04029846,-1
R_3qjwrUpxTTMyPUf,Default Response Set,Anonymous,,,72.152.71.61,0,01/02/2017 13:48,01/02/2017 13:49,1,1,1,,,,,,,,,,,,,,,,,,,,,,,,,Yes,No,1,2,3,4,,,,,,,,,,,,,,,,,,,,,,,,,It could represent the letter C,9,30,female,right-handed,english,1,OnPinkie-Middle_0044,,,,1|2,,,,33.5756073,-85.13400269,-1
R_2YXJj82Mpd1LuJc,Default Response Set,Anonymous,,,99.34.176.51,0,01/02/2017 13:48,01/02/2017 13:49,1,1,1,,,,,,,,,,,,,,,,,,,,,,,,,No,Yes,1,2,3,4,,,,,,,,,,,,,,,,,,,,,,,,,,9,41,male,left-handed,English,1,OnPinkie-Middle_0044,,,,2|1,,,,30.09829712,-95.35700226,-1
R_1OqRiagaJxXfnbY,Default Response Set,Anonymous,,,184.21.21.100,0,01/02/2017 13:49,01/02/2017 13:51,1,1,1,,,,,,,,,,,,,,,,,,,,,,,,,,,,,,,,,,,,,,,,,,,No,No,1,2,3,4,,,,,,,,9,56,male,right-handed,english,1,OnPinkie-Middle_0071,,,,,,,,35.08450317,-106.6511002,-1
R_swkEf2s7CkRwW2t,Default Response Set,Anonymous,,,76.188.231.120,0,01/02/2017 13:53,01/02/2017 13:55,1,1,1,,,,,,,,,,,,,,,,,,,No,No,1,2,3,4,,,,,,,,,,,,,,,,,,,,,,,,,,,,,,,I would think it would be used to demonstrate the size of the object.,9,40,male,right-handed,English,1,OnPinkie-Middle_0035,,,,,,,2|1,41.24169922,-80.53949738,-1
R_3Hv3FKOt9rxrNoI,Default Response Set,Anonymous,,,68.188.99.137,0,01/02/2017 13:58,01/02/2017 13:59,1,1,1,,,,,,,,,,,,,,,,,,,,,,,,,,,,,,,,,,,,,,,,,,,No,Yes,1,2,3,4,,,,,,,,9,40,male,right-handed,English,1,OnPinkie-Middle_0071,,,,,,,,38.56469727,-90.53569794,-1
R_BXGgP5tp36T361z,Default Response Set,Anonymous,,,69.92.127.62,0,01/02/2017 14:00,01/02/2017 14:02,1,1,1,,,,,,,Yes,Yes,1,2,3,4,,,,,,,,,,,,,,,,,,,,,,,,,,,,,,,,,,,,,,,,,,,,9,24,male,ambidextrous,English,1,OnPinkie-Middle_0017,,2|4,,,,,,33.58459473,-88.41400146,-1
R_3jYUV5D3YZSWPn5,Default Response Set,Anonymous,,,108.226.117.93,0,01/02/2017 14:07,01/02/2017 14:09,1,1,1,,,,,,,,,,,,,,,,,,,,,,,,,,,,,,,No,Yes,1,2,3,4,,,,,,,,,,,,,,,,,,,The gesture seemed to be referencing the small size of something.,9,36,male,right-handed,English,1,OnPinkie-Middle_0053,,,,,1|2,,,37.62930298,-122.1163025,-1
R_3J1Pe6JXf75hiUK,Default Response Set,Anonymous,,,45.56.52.185,0,01/02/2017 14:08,01/02/2017 14:09,1,1,1,,,,,,,,,,,,,,,,,,,,,,,,,,,,,,,,,,,,,,,,,,,,,,,,,Yes,No,1,2,3,4,It seems like it was trying to indicate size.,9,34,female,right-handed,English,1,OnPinkie-Middle_0080,,,,,,,,40.33929443,-111.5709,-1
R_3npEuQDkt3kmWQB,Default Response Set,Anonymous,,,162.205.62.213,0,01/02/2017 14:08,01/02/2017 14:10,1,1,1,,,,,,,,,,,,,,,,,,,,,,,,,,,,,,,,,,,,,Yes,Yes,1,2,3,4,,,,,,,,,,,,,,9,38,female,right-handed,English,1,OnPinkie-Middle_0062,,,,,,2|1,,39.89280701,-82.95880127,-1
R_3iwYPCJsAUpyIzx,Default Response Set,Anonymous,,,107.195.185.219,0,01/02/2017 14:08,01/02/2017 14:11,1,1,1,,,,,,,,,,,,,,,,,,,No,Yes,1,2,3,4,,,,,,,,,,,,,,,,,,,,,,,,,,,,,,,,9,33,male,right-handed,English,1,OnPinkie-Middle_0035,,,,,,,2|1,37.67030334,-121.0168991,-1
R_2P5vjsVm7ZqJCSq,Default Response Set,Anonymous,,,23.27.244.211,0,01/02/2017 14:23,01/02/2017 14:28,1,1,1,,,,,,,,,,,,,,,,,,,Yes,No,1,2,3,4,,,,,,,,,,,,,,,,,,,,,,,,,,,,,,,for me is a way to communicate in a way kinesthetic,9,28,female,right-handed,english,1,OnPinkie-Middle_0035,,,,,,,2|1,37.33869934,-121.8914032,-1
R_26kC2xbq7NSyhGN,Default Response Set,Anonymous,,,100.7.47.141,0,01/02/2017 14:33,01/02/2017 14:34,1,1,1,,,,,,,,,,,,,,,,,,,,,,,,,,,,,,,,,,,,,,,,,,,,,,,,,No,No,1,2,3,4,,9,30,male,right-handed,english,1,OnPinkie-Middle_0080,,,,,,,,37.54150391,-77.6678009,-1
R_r7wsWYSX2Af1Ygp,Default Response Set,Anonymous,,,24.158.191.7,0,01/02/2017 14:35,01/02/2017 14:36,1,1,1,Yes,No,1,2,3,4,,,,,,,,,,,,,,,,,,,,,,,,,,,,,,,,,,,,,,,,,,,,,,,,,,9,31,female,right-handed,English,1,OnPinkie-Middle_0008,1|2,,,,,,,34.8914032,-85.12069702,-1
R_1KrRknC2Uy2HPCq,Default Response Set,Anonymous,,,68.190.62.210,0,01/02/2017 14:35,01/02/2017 14:36,1,1,1,,,,,,,,,,,,,,,,,,,,,,,,,,,,,,,Yes,Yes,1,2,3,4,,,,,,,,,,,,,,,,,,,looks like a little bit,9,32,female,right-handed,eng,1,OnPinkie-Middle_0053,,,,,2|1,,,34.25190735,-86.25710297,-1
R_3OeMSwD8BWzPMg7,Default Response Set,Anonymous,,,73.171.223.52,0,01/02/2017 14:35,01/02/2017 14:37,1,1,1,,,,,,,No,Yes,1,2,3,4,,,,,,,,,,,,,,,,,,,,,,,,,,,,,,,,,,,,,,,,,,,It looks like a small something being held in between two fingers.,9,38,female,left-handed,english,1,OnPinkie-Middle_0017,,2|4,,,,,,30.12939453,-81.77749634,-1
R_2D0jAFBVY9Ian2j,Default Response Set,Anonymous,,,98.228.111.106,0,01/02/2017 14:35,01/02/2017 14:37,1,1,1,,,,,,,,,,,,,,,,,,,,,,,,,,,,,,,,,,,,,,,,,,,No,Yes,1,2,3,4,,,,,,,usually its a measurement of height that is about the size of the space between the forfinger and thumb,9,30,female,right-handed,english,1,OnPinkie-Middle_0071,,,,,,,,41.94659424,-87.74659729,-1
R_7O1tszdcRSW57pL,Default Response Set,Anonymous,,,108.29.64.98,0,01/02/2017 14:35,01/02/2017 14:37,1,1,1,No,Yes,1,2,3,4,,,,,,,,,,,,,,,,,,,,,,,,,,,,,,,,,,,,,,,,,,,,,,,,,,9,26,female,right-handed,"english, chinese",1,OnPinkie-Middle_0008,2|1,,,,,,,40.61659241,-74.01239777,-1
R_26mT6SGg1tXeVFx,Default Response Set,Anonymous,,,68.104.241.73,0,01/02/2017 14:37,01/02/2017 14:37,1,1,1,,,,,,,,,,,,,,,,,,,,,,,,,,,,,,,Yes,No,1,2,3,4,,,,,,,,,,,,,,,,,,,,9,32,female,right-handed,english,1,OnPinkie-Middle_0053,,,,,2|1,,,33.65739441,-112.2462997,-1
R_1Akr9OX5qR5g6cx,Default Response Set,Anonymous,,,71.12.87.120,0,01/02/2017 14:39,01/02/2017 14:40,1,1,1,,,,,,,,,,,,,,,,,,,,,,,,,,,,,,,,,,,,,No,No,1,2,3,4,,,,,,,,,,,,,"I think it is a gesture about a small, tiny object.",9,29,female,right-handed,English,1,OnPinkie-Middle_0062,,,,,,1|2,,34.88220215,-81.85109711,-1
R_eFqvBiYANseK3xn,Default Response Set,Anonymous,,,67.241.216.227,0,01/02/2017 14:45,01/02/2017 14:48,1,1,1,,,,,,,,,,,,,,,,,,,,,,,,,,,,,,,,,,,,,,,,,,,,,,,,,No,No,1,2,3,4,"I feel as though the gesture was used to describe either a cylindrical object with the diameter matching the hands diameter, or a gesture to symbolize short/small.",9,26,male,right-handed,English,1,OnPinkie-Middle_0080,,,,,,,,44.86349487,-68.84020233,-1