V1,V2,V3,V4,V5,V6,V7,V8,V9,V10,Intro,Intro2,HighCurl,HighCurl_RT_1,HighCurl_RT_2,HighCurl_RT_3,HighCurl_RT_4,LowCurl,LowCurl_RT_1,LowCurl_RT_2,LowCurl_RT_3,LowCurl_RT_4,ShapeFirstShape,ShapeFirstHeight,ShapeFirst_RT_1,ShapeFirst_RT_2,ShapeFirst_RT_3,ShapeFirst_RT_4,ShapeSecondHeight,ShapeSecondShape,ShapeSecond_RT_1,ShapeSecond_RT_2,ShapeSecond_RT_3,ShapeSecond_RT_4,OpenQuestion,ComprehensionQuestio,Age,Gender,Handedness,NativeLanguage,TurkGate,DO-BR-FL_5,DO-BR-FL_31,DO-Q-ShapeFirstShape,LocationLatitude,LocationLongitude,LocationAccuracy,
ResponseID,ResponseSet,Name,ExternalDataReference,EmailAddress,IPAddress,Status,StartDate,EndDate,Finished,CONSENT   This study investigates language and perception. You will be asked to look at a picture...,"On the next screen, you will be shown a picture of a hand for a few seconds.   Focus on the gestu...", ,Timing-First Click,Timing-Last Click,Timing-Page Submit,Timing-Click Count, ,Timing-First Click,Timing-Last Click,Timing-Page Submit,Timing-Click Count,"In your mind, what was the object's SHAPE? Describe:","In your mind, what was the object's SIZE? Describe:",Timing-First Click,Timing-Last Click,Timing-Page Submit,Timing-Click Count,"In your mind, what was the object's SIZE? Describe:","In your mind, what was the object's SHAPE? Describe:",Timing-First Click,Timing-Last Click,Timing-Page Submit,Timing-Click Count,"Please share any comments, questions, thoughts or ideas you have on the gesture you just saw or t...",What is 4 plus 5?,What is your age?,What is your gender?,Are you left or right-handed?,What is your native language / your native languages? Your native language(s) is what you spoke a...,Please follow the link below and copy and paste all the from the text box into Amazon Mechanical...,Display Order: Block Randomizer FL_5,Display Order: Block Randomizer FL_31,"Display Order: In your mind, what was the object's SHAPE? Describe:",LocationLatitude,LocationLongitude,LocationAccuracy,
R_3pbbQEiAxdVGOd5,Default Response Set,Anonymous,,,71.91.18.108,0,2017-04-02 15:05:46,2017-04-02 15:07:13,1,1,1,1,8.519,8.519,8.611,1,,,,,,circle,sixze of bottom of coke can,1.867,1.867,16.659,1,,,,,,,none,9,25,2,1,english,1,HighCurl,ShapeFirst,,33.728897094727,-86.648498535156,-1,
R_2VP96hjgLNWKIIU,Default Response Set,Anonymous,,,99.90.186.94,0,2017-04-02 14:57:13,2017-04-02 14:58:38,0,1,1,,,,,,1,0,0,7.432,0,a letter e,medium,2.369,17.985,23.479,2,,,,,,,it looked like the letter e,9,44,2,1,english,,LowCurl,ShapeFirst,,,,-1,
R_2qkkbAp81rYnANH,Default Response Set,Anonymous,,,71.77.10.199,0,2017-04-02 14:57:31,2017-04-02 14:59:58,0,1,1,1,5.485,5.485,7.315,1,,,,,,,,,,,,5 inches,a hand in the shape of a C,1.71,1.71,24.337,1,I have trouble estimating sizes  so the numbers might be off a bit.,9,22,2,1,English,,HighCurl,ShapeSecond,,,,-1,
R_25yVqi93EH8T19s,Default Response Set,Anonymous,,,67.162.100.149,0,2017-04-02 15:02:49,2017-04-02 15:04:48,0,1,1,,,,,,1,0,0,7.431,0,Round with a handle.,About hand sized.,1.911,1.911,15.632,1,,,,,,,It's a cup,9,29,1,2,English,,LowCurl,ShapeFirst,,,,-1,
R_2zq15yDEhMyg7aW,Default Response Set,Anonymous,,,73.237.217.0,0,2017-04-02 14:57:15,2017-04-02 15:00:33,0,1,1,1,0,0,7.703,0,,,,,,,,,,,,"About an inch and half, no more than 2 inches",Round,8.744,42.118,54.879,2,The object was held between the thumb and the forefinger. It seemed pretty small and not especially heavy. Possibly delicate or fragile.,9,47,2,1,English,,HighCurl,ShapeSecond,,,,-1,
R_3dMMr5QGcbFjJqP,Default Response Set,Anonymous,,,173.202.0.64,0,2017-04-02 14:57:13,2017-04-02 14:58:04,0,1,1,,,,,,1,3.238,3.238,7.63,1,,,,,,,,,,,,,,,,,,,,LowCurl,ShapeSecond,,,,-1,
R_3G7Z1VbsNnWWLxQ,Default Response Set,Anonymous,,,70.124.147.233,0,2017-04-02 14:57:12,2017-04-02 14:58:33,0,1,1,1,0,0,7.836,0,,,,,,C shape. like the letter.,Mid sized not fully extended fingers.,2.202,9.407,31.252,2,,,,,,,N/A,9,35,2,1,English,,HighCurl,ShapeFirst,,,,-1,
R_Rsj9AzEwduYS0nL,Default Response Set,Anonymous,,,69.121.60.183,0,2017-04-02 14:57:11,2017-04-02 14:58:56,0,1,1,1,5.138,5.138,8.892,1,,,,,,"semicircular, like a backwards C",It was medium sized,6.385,38.723,41.484,3,,,,,,,No additional comments,9,30,2,1,English,,HighCurl,ShapeFirst,,,,-1,
R_1gwHRLA4XgeGPTI,Default Response Set,Anonymous,,,73.143.181.184,0,2017-04-02 14:57:01,2017-04-02 14:59:40,0,1,1,,,,,,1,0,0,8.791,0,,,,,,,6 INCHES DIAMETER,ROUNDED LIKE A CUP,8.005,26.677,42.442,2,IT WAS CLEARLY A CUP,9,57,2,1,ENGLISH,,LowCurl,ShapeSecond,,,,-1,
R_wY99Osu0BDv7s7n,Default Response Set,Anonymous,,,98.238.190.195,0,2017-04-02 14:57:01,2017-04-02 15:02:51,0,1,1,1,0,0,8.182,0,,,,,,"The shape was like an ""o"" or a ""c""",The size was maybe like that of a cap on something like honey. Or sort of like the size of a big bolt.,3.195,91.933,135.691,4,,,,,,,"I forgot to say, the gesture is kind of like the ""ok"" sign.",9,50,2,1,English,,HighCurl,ShapeFirst,,,,-1,
R_1JWyOGNkMr3Hdhq,Default Response Set,Anonymous,,,108.34.198.113,0,2017-04-02 16:05:46,2017-04-02 16:08:32,1,1,1,1,0,0,7.719,0,,,,,,,,,,,,It was approximately 4 inches in diameter,It was the shape of the letter C,9.806,39.473,46.49,3,The hand seemed to be forming the letter C or perhaps a symbol in sign language,9,60,2,2,english,1,HighCurl,ShapeSecond,,41.852905273438,-71.472297668457,-1,
R_2vZzlTn3cOGrW6B,Default Response Set,Anonymous,,,72.48.2.96,0,2017-04-02 16:07:50,2017-04-02 16:10:29,1,1,1,,,,,,1,0,0,9.346,0,,,,,,,medium,circle,3.754,35.059,37.888,4,"none, thanks",9,58,2,1,english,1,LowCurl,ShapeSecond,,31.044998168945,-97.508697509766,-1,
R_3OpiMtkKvlF5xAo,Default Response Set,Anonymous,,,108.72.237.77,0,2017-04-02 16:09:40,2017-04-02 16:11:25,1,1,1,,,,,,1,0,0,8.509,0,Circular or rounded.,About the size of a human's palm.,3.044,13.039,23.267,2,,,,,,,No comments,9,22,2,1,English,1,LowCurl,ShapeFirst,,41.692504882812,-86.144798278809,-1,
R_3L1PZ8l4eJ3gow2,Default Response Set,Anonymous,,,173.21.186.26,0,2017-04-02 16:14:14,2017-04-02 16:16:17,1,1,1,1,0,0,7.45,0,,,,,,It had a cylindrical shape that was hollow,A little of two inches in length and one in width,2.331,35.344,59.289,4,,,,,,,thanks,9,27,1,1,English,1,HighCurl,ShapeFirst,,30.40739440918,-86.978500366211,-1,
R_2Wx3vhwEJreh1BC,Default Response Set,Anonymous,,,24.90.180.91,0,2017-04-02 16:19:12,2017-04-02 16:24:16,1,1,1,,,,,,1,0,0,7.251,0,It was spherical.,It was small to medium.,3.609,3.609,29.504,1,,,,,,,"It looks at first as though someone is throwing a baseball, although the hand position is hard to duplicate.",9,40,2,1,English,1,LowCurl,ShapeFirst,,40.761596679688,-73.794898986816,-1,
R_30v3wHuqamVhBB6,Default Response Set,Anonymous,,,98.155.26.235,0,2017-04-02 16:22:08,2017-04-02 16:25:05,1,1,1,1,0,0,8.073,0,,,,,,,,,,,,A few inches because that was how far apart the thumb and index fingers were.,Cylindrical because that was the shape of the hand.,2.203,28.04,41.069,4,"I also thought that it could be in the shape of the letter ""C"" due to the shape of the hand and from personal experience when spelling words out to people using my hand.",9,38,1,1,English,1,HighCurl,ShapeSecond,,21.296005249023,-157.82739257812,-1,
R_1rGPZfAFq8DLUU0,Default Response Set,Anonymous,,,24.60.247.22,0,2017-04-02 16:07:40,2017-04-02 16:09:31,0,1,1,1,8.114,8.114,9.217,1,,,,,,,,,,,,about 3 inches in diameter ,the shape was a cirlce,3.047,26.9,39.238,2,none,9,51,1,1,english,,HighCurl,ShapeSecond,,,,-1,
R_ANflriWiihD8f29,Default Response Set,Anonymous,,,71.65.112.114,0,2017-04-02 16:05:31,2017-04-02 16:11:42,0,1,1,,,,,,1,0,0,7.306,0,,,,,,,,,,,,,,,,,,,,LowCurl,ShapeSecond,,,,-1,
R_1rNYnkBogDVtbxQ,Default Response Set,Anonymous,,,24.183.7.197,0,2017-04-02 16:05:32,2017-04-02 16:07:10,0,1,1,1,0,0,7.778,0,,,,,,circle,the size of a soda can,3.748,21.565,27.14,4,,,,,,,I have no comments,9,39,1,1,English,,HighCurl,ShapeFirst,,,,-1,
R_puFpro7OR8kFJXr,Default Response Set,Anonymous,,,72.82.240.47,0,2017-04-02 16:06:22,2017-04-02 16:08:13,0,1,1,,,,,,1,0,0,7.664,0,It was shaped like the letter C or a half circle.,The size was small,3.169,24.386,32.636,2,,,,,,,I can do the C shape but I can't seem to lift my middle finger up the way the picture had it.,9,44,2,1,English,,LowCurl,ShapeFirst,,,,-1,
R_1P6NSLVXyAMBYBO,Default Response Set,Anonymous,,,66.153.133.201,0,2017-04-02 16:05:36,2017-04-02 16:06:03,0,1,1,,,,,,1,0,0,8.488,0,,,,,,,,,,,,,,,,,,,,LowCurl,ShapeSecond,,,,-1,
R_1hYeyzseedh2MUf,Default Response Set,Anonymous,,,174.103.188.198,0,2017-04-02 17:02:33,2017-04-02 17:04:33,1,1,1,1,0,0,9.774,0,,,,,,,,,,,,"small, maybe two or three inches tall",shaped like a small pill-bottle shaped capsule,1.539,1.539,43.352,1,none,9,28,2,1,English,1,HighCurl,ShapeSecond,,43.084594726562,-87.888000488281,-1,
R_2wBwzpRaNWhrpCA,Default Response Set,Anonymous,,,173.59.14.52,0,2017-04-02 17:03:15,2017-04-02 17:04:50,1,1,1,,,,,,1,0,0,7.177,0,A backwards C,The object was smaller then original size.,2.514,18.898,35.427,2,,,,,,,Thank you!,9,29,2,1,English,1,LowCurl,ShapeFirst,,39.97590637207,-75.364601135254,-1,
R_BsxuuBXbuLKJrON,Default Response Set,Anonymous,,,67.253.17.199,0,2017-04-02 17:03:53,2017-04-02 17:04:56,1,1,1,,,,,,1,0,0,7.733,0,,,,,,,baseball,frog,3.797,7.865,10.43,2,none,9,29,1,1,english,1,LowCurl,ShapeSecond,,44.127197265625,-69.133598327637,-1,
R_1gcrY8z4F0dpvGd,Default Response Set,Anonymous,,,73.78.49.208,0,2017-04-02 17:03:23,2017-04-02 17:05:37,1,1,1,1,0,0,7.527,0,,,,,,,,,,,,about the size of a racquetball ball,Round and probably a ball.,3.273,39.73,49.372,2,The hand itself looked a bit wonky.  I think it would be helpful to use a hand with a bit more bones in it.,9,30,2,1,English,1,HighCurl,ShapeSecond,,39.972106933594,-105.2492980957,-1,
R_3O1SFsueXy1j6DV,Default Response Set,Anonymous,,,71.71.99.176,0,2017-04-02 17:04:14,2017-04-02 17:06:13,1,1,1,,,,,,1,0,0,7.168,0,"Backwards C, or a horseshoe",4 inch diameter,2.446,2.446,34.702,1,,,,,,,Was it a backwards C?,9,26,1,1,English,1,LowCurl,ShapeFirst,,36.139892578125,-79.266502380371,-1,
R_byztKGADLWipmQ9,Default Response Set,Anonymous,,,98.214.27.207,0,2017-04-02 17:04:09,2017-04-02 17:06:19,1,1,1,,,,,,1,0,0,7.562,0,circular,3 inch diameter,2.479,25.842,46.371,2,,,,,,,no issues,9,44,2,1,English,1,LowCurl,ShapeFirst,,42.323806762695,-89.621803283691,-1,
R_2WJxZLzbhBMZacE,Default Response Set,Anonymous,,,75.118.138.235,0,2017-04-02 17:03:18,2017-04-02 17:06:22,1,1,1,,,,,,1,0,0,7.295,0,"Roundish, open on one side, with something on the top of it ","I initially thought the object would be smaller - I think it has to do with the size of the opening on the one side, I'm not exactly sure what gave me that impression.",13.078,117.103,121.456,5,,,,,,,That was tough to describe.,9,33,2,1,English,1,LowCurl,ShapeFirst,,40.03450012207,-82.869499206543,-1,
R_7Pt429HvyHKeuMF,Default Response Set,Anonymous,,,139.78.253.3,0,2017-04-02 17:04:17,2017-04-02 17:06:33,1,1,1,1,0,0,8.856,0,,,,,,,,,,,,Small,"Like a backwards ""C""",1.956,1.956,21.444,1,Was it a backwards C?,9,19,1,1,English,1,HighCurl,ShapeSecond,,36.093704223633,-96.987503051758,-1,
R_6gN5huUjSai1hlv,Default Response Set,Anonymous,,,47.199.32.10,0,2017-04-02 17:02:30,2017-04-02 17:07:47,1,1,1,1,2.154,2.154,7.303,1,,,,,,,,,,,,a little over a inch in size,hard to tell i would guess round,7.931,7.931,74.158,1,It looks like they could be describing the size of something or holding something.,9,29,1,1,english,1,HighCurl,ShapeSecond,,28.215805053711,-82.659599304199,-1,
R_3ewPNvKMgsDG3EB,Default Response Set,Anonymous,,,71.202.147.37,0,2017-04-02 17:07:28,2017-04-02 17:09:20,1,1,1,,,,,,1,0,0,9.982,0,,,,,,,"A few inches across (3 inches), something that would fit in the average person's hand.","The object's shape was circular, like a sphere.",2.786,29.011,45.883,2,no other comments,9,27,2,1,English,1,LowCurl,ShapeSecond,,37.533096313477,-122.24710083008,-1,
R_3PZSX1tilBLOsdB,Default Response Set,Anonymous,,,70.176.153.174,0,2017-04-02 17:09:48,2017-04-02 17:13:13,1,1,1,1,0,0,8.486,0,,,,,,,,,,,,Size of a lemon,the shape of a hand,40.243,40.243,56.557,1,none,9,26,2,1,english,1,HighCurl,ShapeSecond,,33.609603881836,-112.37729644775,-1,
R_ufDmvDn8JmGgRMZ,Default Response Set,Anonymous,,,97.88.73.246,0,2017-04-02 17:10:02,2017-04-02 17:14:06,1,1,1,1,0,0,7.549,0,,,,,,,,,,,,"A four inch wide head, one inch wide handle, and about a foot long. ",a crescent wrench,3.37,100.111,116.872,4,also could be a sign language symbol,9,57,2,1,English,1,HighCurl,ShapeSecond,,38.702896118164,-93.236801147461,-1,
R_3G1cq7mxYq9L7Er,Default Response Set,Anonymous,,,63.141.254.13,0,2017-04-02 17:14:28,2017-04-02 17:16:18,1,1,1,,,,,,1,3.265,3.265,7.423,1,the objects shape was round,the object was the size of a child's hand,3.491,10.815,37.012,2,,,,,,,it looked like they were making shadow puppets,9,55,2,1,English,1,LowCurl,ShapeFirst,,39.147201538086,-94.573501586914,-1,
R_QcRykS2bpb0uh6F,Default Response Set,Anonymous,,,73.191.60.53,0,2017-04-02 17:14:53,2017-04-02 17:16:38,1,1,1,1,0,0,7.377,0,,,,,,,,,,,,small,it was hard to tell by the gesture,2.532,2.532,20.69,1,The gesture usually is meant to signify something small.,9,52,2,1,English,1,HighCurl,ShapeSecond,,39.25700378418,-76.79460144043,-1,
R_1ln62Z6gaXCKYGI,Default Response Set,Anonymous,,,172.81.154.118,0,2017-04-02 17:44:37,2017-04-02 17:46:25,1,1,1,,,,,,1,0,0,10.932,0,like a bird's head. An ostrich,Size of a statistically average woman's hand.,1.163,1.163,30.283,1,,,,,,,It reminded me of shadow puppets.,9,29,2,1,english,1,LowCurl,ShapeFirst,,47.571594238281,-122.33270263672,-1,
R_2dKoDXgBviO5isC,Default Response Set,Anonymous,,,98.165.210.86,0,2017-04-02 17:44:16,2017-04-02 17:47:42,1,1,1,1,0,0,7.977,0,,,,,,Circular.,Perhaps 1.5 inches across.,2.223,2.223,56.861,1,,,,,,,Just wondering what it was supposed to represent!,9,50,1,1,English,1,HighCurl,ShapeFirst,,33.611892700195,-111.89060211182,-1,
R_WkDHpoRFbyFhkZP,Default Response Set,Anonymous,,,75.141.103.99,0,2017-04-02 17:46:04,2017-04-02 17:47:48,1,1,1,,,,,,1,0,0,9.706,0,Round; the gesture kind of reminded me of a door knob.,Fairly small; maybe about three inches.,1.967,34.25,35.583,3,,,,,,,NA,9,23,2,1,"English, Spanish",1,LowCurl,ShapeFirst,,33.907104492188,-118.07669830322,-1,
R_11gsPQheikbDh4v,Default Response Set,Anonymous,,,68.5.37.215,0,2017-04-02 17:44:10,2017-04-02 17:48:21,1,1,1,1,0,0,7.858,0,,,,,,"The shape is probably circular, a cube, or something with a similar height, width, and depth. ",The object is small. No dimension of the object is greater than the size of the hand. ,2.776,122.747,161.381,6,,,,,,,No further comments.,9,31,1,1,English,1,HighCurl,ShapeFirst,,33.708099365234,-117.75959777832,-1,
R_2YWAtlogANwZPvi,Default Response Set,Anonymous,,,50.139.24.178,0,2017-04-02 17:51:40,2017-04-02 17:52:32,1,1,1,,,,,,1,0,0,9.066,0,It was a circle with a smaller circle on top.,It was medium sized.,1.211,1.211,17.166,1,,,,,,,n/a,9,25,2,1,English,1,LowCurl,ShapeFirst,,45.577392578125,-122.62080383301,-1,
R_3qBvJf68SRT1TSU,Default Response Set,Anonymous,,,100.4.191.61,0,2017-04-02 17:54:03,2017-04-02 17:55:53,1,1,1,1,0,0,9.485,0,,,,,,,,,,,,2 inches or therabouts,The object was a square or a box of some sort,2.234,2.234,30.357,1,n/a,9,32,2,1,English,1,HighCurl,ShapeSecond,,42.716094970703,-73.815803527832,-1,
R_1LNgppWcsZ1aWNn,Default Response Set,Anonymous,,,65.26.249.23,0,2017-04-02 17:59:54,2017-04-02 18:01:36,1,1,1,,,,,,1,0,0,7.392,0,Like a C,About the size of an apple,1.681,1.681,25.766,1,,,,,,,n/a,9,25,2,1,English,1,LowCurl,ShapeFirst,,42.961196899414,-87.992797851562,-1,
R_3iJZTadmhizqZZ4,Default Response Set,Anonymous,,,67.163.151.156,0,2017-04-02 18:01:54,2017-04-02 18:03:20,1,1,1,,,,,,1,2.092,4.419,8.569,2,A circle,About the size of a tennis ball,4.419,4.419,15.141,1,,,,,,,all of the questions were very clear,9,23,2,1,English,1,LowCurl,ShapeFirst,,40.443893432617,-79.956100463867,-1,
R_Q3ThAuF6NolXgul,Default Response Set,Anonymous,,,70.231.45.29,0,2017-04-03 01:21:53,2017-04-03 01:23:02,1,1,1,1,0,0,9.144,0,,,,,,,,,,,,2 inches,A rectangle,2,2,13.574,1,Nothing serious.,9,24,1,1,English,1,HighCurl,ShapeSecond,,29.403701782227,-98.724601745605,-1,
R_2YrDqRRVK7o5YOu,Default Response Set,Anonymous,,,209.95.50.164,0,2017-04-03 01:22:14,2017-04-03 01:23:45,1,1,1,1,0,0,10.252,0,,,,,,,,,,,,The object was the size of a chicken nuggest.,The shape of the object was either round or elliptical. ,1.873,1.873,42.231,1,None,9,34,1,1,English,1,HighCurl,ShapeSecond,,40.730804443359,-73.997497558594,-1,
R_1IQ6Waor12aHSBJ,Default Response Set,Anonymous,,,65.100.63.76,0,2017-04-03 01:22:34,2017-04-03 01:24:10,1,1,1,,,,,,1,0.478,6.88,9.84,2,like a C,about the size of a fist,2.589,21.359,21.602,4,,,,,,,kind of looks like a gang sign,9,26,1,1,english,1,LowCurl,ShapeFirst,,45.321792602539,-122.52310180664,-1,
R_2CH7Pr3WhFTCux6,Default Response Set,Anonymous,,,65.100.63.76,0,2017-04-03 01:22:36,2017-04-03 01:24:37,1,1,1,,,,,,1,4.629,4.629,11.426,1,like a C,about the size of a fist,16.997,20.022,20.4,3,,,,,,,kind of looks like a gang sign,9,26,2,1,english,1,LowCurl,ShapeFirst,,45.321792602539,-122.52310180664,-1,
R_296wYt6r8kB9hNS,Default Response Set,Anonymous,,,50.109.238.185,0,2017-04-03 01:22:12,2017-04-03 01:24:39,1,1,1,1,8.646,8.646,10.216,1,,,,,,,,,,,,a couple of inches tall,a cylinder shape,2.623,29.238,44.086,4,the gesture appeared to approximate something,9,37,1,1,english,1,HighCurl,ShapeSecond,,44.840896606445,-122.87089538574,-1,
R_33mpd46w16mpRWK,Default Response Set,Anonymous,,,73.239.35.38,0,2017-04-03 01:30:07,2017-04-03 01:31:37,1,1,1,1,0,0,8.142,0,,,,,,circle,small,1.293,11.662,12.028,2,,,,,,,The object appeared small and round the person was describing with their hands.,9,27,1,1,English,1,HighCurl,ShapeFirst,,47.691497802734,-117.38809967041,-1,
R_3Nyouh5EaSAiMFW,Default Response Set,Anonymous,,,216.49.6.16,0,2017-04-03 01:29:23,2017-04-03 01:32:28,1,1,1,1,0,0,7.298,0,,,,,,,,,,,,"In my mind, the size is about the size of a baseball, around 4 inches in diameter.","The object is spherical, like a ball.",6.912,13.015,87.33,2,"I'm not sure if I was supposed to describe the hand itself, or imagine if the hand was holding something.",9,32,1,1,English,1,HighCurl,ShapeSecond,,41.04150390625,-76.650703430176,-1,
R_2aOxekrMN28TDzT,Default Response Set,Anonymous,,,172.73.168.183,0,2017-04-03 01:31:23,2017-04-03 01:34:17,1,1,1,,,,,,1,0,0,7.436,0,,,,,,,the size of a baseball,circle,2.807,16.759,30.676,5,it looked like sign lang. ,9,37,2,2,english,1,LowCurl,ShapeSecond,,35.328399658203,-80.745903015137,-1,
R_u8L3jWn5PT1LAjL,Default Response Set,Anonymous,,,98.213.209.127,0,2017-04-03 01:31:51,2017-04-03 01:35:57,1,1,1,1,0,0,8.169,0,,,,,,,,,,,,Something about 2.5 inches long.,I imagined a cylindrical object.,5.381,47.108,70.537,5,This was kind of ambiguous.,9,41,1,1,English,1,HighCurl,ShapeSecond,,41.972793579102,-87.661598205566,-1,
R_1hS8GXGdPuMXO0W,Default Response Set,Anonymous,,,172.88.235.89,0,2017-04-03 01:44:31,2017-04-03 01:46:53,1,1,1,1,0,0,7.993,0,,,,,,Thin and straight.,An inch or so.,2.402,2.402,34.805,1,,,,,,,I have nothing to comment about.,9,27,1,1,English,1,HighCurl,ShapeFirst,,33.850204467773,-117.79119873047,-1,
R_1rOByX4XlI0dyk7,Default Response Set,Anonymous,,,23.241.31.10,0,2017-04-03 01:48:34,2017-04-03 01:51:37,1,1,1,,,,,,1,0,0,11.299,0,,,,,,,It was the size of a tennis ball.,It was similar to the letter C.,2.544,91.194,97.124,9,I don't recognize that gesture.,9,24,2,1,English,1,LowCurl,ShapeSecond,,33.735794067383,-118.29229736328,-1,
R_1Ic3vZAxhKAFbVj,Default Response Set,Anonymous,,,96.49.6.12,0,2017-04-03 02:12:32,2017-04-03 02:14:39,1,1,1,,,,,,1,0,0,9.973,0,round and flat like a coin,about the size of a quarter,4.44,17.421,21.965,4,,,,,,,The gesture is kind of like when you inspect a coin against the sun,9,21,1,1,English,1,LowCurl,ShapeFirst,,49.132293701172,-123.17050170898,-1,
R_RsHDW8FZ9qVKiuB,Default Response Set,Anonymous,,,79.62.251.26,0,2017-04-03 02:25:14,2017-04-03 02:26:46,1,1,1,1,0,0,8.08,0,,,,,,,,,,,,It was a couple of inches long.,It was cylinder shaped.,4.219,13.705,27.008,2,I can't say much more than that.,9,31,1,1,English,1,HighCurl,ShapeSecond,,41.505493164062,15.339096069336,-1,
R_2S1T93DkB2ZaE8u,Default Response Set,Anonymous,,,108.230.195.156,0,2017-04-03 03:11:58,2017-04-03 03:13:33,1,1,1,1,0,0,7.363,0,,,,,,That is how I would hold my hands if the object was round,about 3 inches in diameter,2.082,23.791,34.912,2,,,,,,,No thanks,9,37,1,1,English,1,HighCurl,ShapeFirst,,33.649505615234,-86.708801269531,-1,
R_1kLkdYiDw8LDCtD,Default Response Set,Anonymous,,,50.46.191.24,0,2017-04-03 03:13:27,2017-04-03 03:17:52,1,1,1,,,,,,1,3.255,3.255,9.982,1,"It was round on the bottom, sort of C-shaped, with a handle on top.","It was about the size of a baseball, plus the handle on top, which was about the size of a matchbook.",9.867,36.941,113.212,2,,,,,,,It sort of looked like a hook with a handle.,9,53,2,1,English,1,LowCurl,ShapeFirst,,47.942199707031,-122.23979949951,-1,
R_tQ9u90QqyxqM3It,Default Response Set,Anonymous,,,70.178.157.65,0,2017-04-03 03:12:06,2017-04-03 03:17:53,1,1,1,,,,,,1,0,0,7.795,0,,,,,,,"The size was very large, thanks to the secondary fingers on top.","Everything was round, with the C primary gesture and the circle on top.",7.419,7.419,55.083,1,It was really bizarre; I'm not really sure what it stood for.,9,51,1,1,english,1,LowCurl,ShapeSecond,,36.345703125,-94.251403808594,-1,
R_yQo5BTeOVhiuwTL,Default Response Set,Anonymous,,,112.198.102.109,0,2017-04-03 03:11:02,2017-04-03 03:19:41,1,1,1,1,0,0,9.766,0,,,,,,,,,,,,The size of a baseball.,"The shape was the letter ""C"" but is was backwards.",7.437,162.995,174.723,6,none,9,45,1,1,English,1,HighCurl,ShapeSecond,,14.595504760742,120.97210693359,-1,
R_22Vn835AOPOWfEt,Default Response Set,Anonymous,,,72.23.189.173,0,2017-04-03 03:17:45,2017-04-03 03:19:46,1,1,1,,,,,,1,0,0,7.035,0,The shape was that of a frog. The little bump formed by the fingers were its eyes and the bottom half its body when its chest is expanded out.,About the standard size of a frog. About the size of my fist.,2.467,46.376,79.345,2,,,,,,,none,9,36,1,1,English,1,LowCurl,ShapeFirst,,40.709701538086,-80.10489654541,-1,
R_eLKSsunjfXAkxhL,Default Response Set,Anonymous,,,104.184.106.101,0,2017-04-03 03:33:49,2017-04-03 03:35:31,1,1,1,1,0,0,9.62,0,,,,,,The object's shape was a crescent.,The size was very small.,1.808,11.007,20.472,3,,,,,,,N/A,9,20,2,1,English,1,HighCurl,ShapeFirst,,35.103393554688,-102.02610015869,-1,
R_11dtLwfliTp3C7i,Default Response Set,Anonymous,,,139.60.130.233,0,2017-04-03 03:34:53,2017-04-03 03:37:56,1,1,1,,,,,,1,0,0,9.455,0,,,,,,,I'm guessing medium size.,Reminded me of a C but close to a circle.,5.559,20.508,44.298,2,I don't know but I'm thinking maybe it's sign language.,9,39,2,1,English,1,LowCurl,ShapeSecond,,34.933395385742,-85.778099060059,-1,
R_24cswdBiQIKG3Rj,Default Response Set,Anonymous,,,23.28.234.61,0,2017-04-03 03:38:30,2017-04-03 03:41:20,1,1,1,1,0,0,7.285,0,,,,,,,,,,,,It was almost normal size for a hand but somewhat smaller.,To me it looked like a plumber's wrench.  The fingers were curled into wrench shape.,4.397,21.701,53.303,2,None,9,63,2,1,English,1,HighCurl,ShapeSecond,,39.892807006836,-82.958801269531,-1,
R_qyIyTTTKe4aYCRz,Default Response Set,Anonymous,,,75.138.254.47,0,2017-04-03 03:39:22,2017-04-03 03:41:20,1,1,1,,,,,,1,0,0,15.333,0,short,3 inches,3.356,3.356,22.279,1,,,,,,,It looked like it might be sign language,9,41,1,1,english,1,LowCurl,ShapeFirst,,35.717407226562,-86.892601013184,-1,
R_2WM9VmS7nRw1epD,Default Response Set,Anonymous,,,184.100.238.74,0,2017-04-03 04:01:26,2017-04-03 04:02:30,0,1,1,,,,,,1,0,0,7.716,0,,,,,,,About a nickel.,round,0.056,1.321,16.803,2,it looked like a shadow puppet dog,9,29,2,1,English,,LowCurl,ShapeSecond,,,,-1,
R_2RWzVgIz5HXiF8y,Default Response Set,Anonymous,,,68.184.56.224,0,2017-04-03 03:36:07,2017-04-03 03:40:26,0,1,1,1,0,0,7.412,0,,,,,,Backwards C.,Around 3 inches.,2.213,12.058,20.602,2,,,,,,,None.,9,41,1,1,English,,HighCurl,ShapeFirst,,,,-1,
R_2dLWy0SRyW3OUbH,Default Response Set,Anonymous,,,70.114.38.103,0,2017-04-03 01:25:50,2017-04-03 01:27:41,0,1,1,1,0,0,7.649,0,,,,,,Round,"Small, able to fit in hand",3.76,13.272,24.327,4,,,,,,,It's a handheld item,9,21,2,3,English,,HighCurl,ShapeFirst,,,,-1,
R_DTOMxSxBjFMBSmJ,Default Response Set,Anonymous,,,64.129.26.4,0,2017-04-03 01:22:39,2017-04-03 01:24:01,0,1,1,1,0,0,7.911,0,,,,,,circular,about the size of a  silver dollar.,1.387,1.387,32.825,1,,,,,,,none,9,41,1,1,english,,HighCurl,ShapeFirst,,,,-1,
R_323oJRj2qUXHnuO,Default Response Set,Anonymous,,,71.50.151.122,0,2017-04-02 17:44:50,2017-04-02 17:46:18,0,1,1,1,0,0,7.037,0,,,,,,,,,,,,About the size of a half dollar,It had a circular shape,3.479,19.801,31.883,3,Nothing stands out about it,9,30,1,1,English,,HighCurl,ShapeSecond,,,,-1,
R_2cB1qdTZML2suUB,Default Response Set,Anonymous,,,174.105.194.49,0,2017-04-02 17:44:06,2017-04-02 17:46:17,0,1,1,1,0,0,8.682,0,,,,,,,,,,,,I thought the object would be about the size of a Clementine-style orange.,The object was round.,2.873,23.676,29.994,2,n/a,9,44,2,1,ENGLISH,,HighCurl,ShapeSecond,,,,-1,
R_T75wIJyGoT3RiCJ,Default Response Set,Anonymous,,,173.224.109.242,0,2017-04-02 17:43:29,2017-04-02 17:44:49,0,1,1,1,0,0,7.444,0,,,,,,,,,,,,It was small,It was a circle,1.158,13.521,16.947,3,It looks like someone was making a gesture saying something was smaller.,9,33,1,1,english,,HighCurl,ShapeSecond,,,,-1,
R_12wZc2xaB1mFRjc,Default Response Set,Anonymous,,,208.54.4.200,0,2017-04-02 17:19:39,2017-04-02 17:20:47,0,1,1,,,,,,1,5.634,6.829,33.844,2,,,,,,,,,,,,,,,,,,,,LowCurl,ShapeFirst,,,,-1,
R_1N3uzwgs8TmzweR,Default Response Set,Anonymous,,,100.34.19.131,0,2017-04-02 17:11:00,2017-04-02 17:12:27,0,1,1,,,,,,1,0,0,9.161,0,backwards c,3 inch tall,4.175,9.899,21.113,2,,,,,,,looked like a backwards c,9,23,1,1,english,,LowCurl,ShapeFirst,,,,-1,
R_23gBaETvcPIOrs5,Default Response Set,Anonymous,,,73.4.115.32,0,2017-04-02 17:03:20,2017-04-02 17:05:26,0,1,1,1,0,0,8.486,0,,,,,,C-shaped,small,3.739,17.663,23.593,4,,,,,,,I wasn't sure if the size referred to the space between the fingers or the circle shape formed by the fingers,9,48,2,1,English,,HighCurl,ShapeFirst,,,,-1,
R_1nV1pdNk7nfDboT,Default Response Set,Anonymous,,,72.83.12.78,0,2017-04-02 17:02:26,2017-04-02 17:02:46,0,1,1,,,,,,1,0,0,9.111,0,,,,,,,,,,,,,,,,,,,,LowCurl,ShapeFirst,,,,-1,
R_3nlpYB00p13T6LA,Default Response Set,Anonymous,,,142.105.221.216,0,2017-04-03 03:46:15,2017-04-03 03:47:46,0,1,1,1,0,0,8.508,0,,,,,,A round object,Small,1.874,1.874,34.909,1,,,,,,,"This is a sign that something is small, only an inch or two across. ",9,31,1,1,English,,HighCurl,ShapeFirst,,,,-1,
R_1M4nMTOTxGYahnT,Default Response Set,Anonymous,,,99.45.168.143,0,2017-04-03 03:15:17,2017-04-03 03:16:50,0,1,1,1,1.467,1.714,7.881,2,,,,,,,,,,,,"unsure, but not a very tiny thing (smaller than hands/fingers) since it doesn't look like the person made an effort to indicate that it was small",round or circle shape,5.757,5.757,51.938,1,none,9,30,1,1,english,,HighCurl,ShapeSecond,,,,-1,
R_1nVJ012enakgaAU,Default Response Set,Anonymous,,,173.171.28.151,0,2017-04-03 02:03:19,2017-04-03 02:05:28,0,1,1,,,,,,1,4.443,4.443,8.924,1,A dog.  Thumb and index finger show the snout and the other fingers show the ears.,Large.  The hands seem to show an exaggeration to indicate large size.,2.533,18.875,101.461,3,,,,,,,,,,,,,,LowCurl,ShapeFirst,,,,-1,
R_DPtEZbP8L0UUvuh,Default Response Set,Anonymous,,,97.87.102.203,0,2017-04-02 17:47:26,2017-04-02 17:49:53,0,1,1,1,0,0,8.435,0,,,,,,,,,,,,The object was about two inches across. It would be the size of the thumb and finger of a hand.,The object looked like an open ended wrench.,2.873,81.176,82.912,8,NA,9,67,2,1,English,,HighCurl,ShapeSecond,,,,-1,
R_21igZ7xiiOaKHtt,Default Response Set,Anonymous,,,96.42.3.129,0,2017-04-02 17:44:52,2017-04-02 17:48:49,0,1,1,,,,,,1,0,0,7.611,0,"Mostly circular, but a little oblong too.","Probably no more than three inches in diameter, since it looked like a pretty small hand.",5.791,5.791,69.115,1,,,,,,,"Pretty straightforward, that's about it.",9,39,2,1,English,,LowCurl,ShapeFirst,,,,-1,
R_1eRxeeEl9rrbYfu,Default Response Set,Anonymous,,,24.198.188.151,0,2017-04-03 03:36:18,2017-04-03 03:38:42,0,1,1,1,0,0,7.544,0,,,,,,a circle,a half dollar,3.814,11.461,21.241,2,,,,,,,none,9,51,1,1,english,,HighCurl,ShapeFirst,,,,-1,
R_2P4OJqmtDm3DTgY,Default Response Set,Anonymous,,,75.139.172.59,0,2017-04-03 03:17:54,2017-04-03 03:18:55,0,1,1,,,,,,1,0,0,10.163,0,,,,,,,The size of a hand,A gang sign,2.523,2.523,13.118,1,"Looked like the ""crip killer"" hand sign",9,27,1,3,English,,LowCurl,ShapeSecond,,,,-1,
R_3nMjaHHYZiZhZhD,Default Response Set,Anonymous,,,72.199.66.86,0,2017-04-03 01:26:18,2017-04-03 01:27:25,0,1,1,,,,,,1,0,0,10.182,0,,,,,,,,,,,,,,,,,,,,LowCurl,ShapeFirst,,,,-1,
R_1BVslKRSEwDONrG,Default Response Set,Anonymous,,,24.120.53.22,0,2017-04-03 01:23:06,2017-04-03 01:24:14,0,1,1,,,,,,1,0,0,10.065,0,,,,,,,The size of a large orb,Circular ,2.138,2.138,21.054,1,I saw fingers,9,31,2,3,english,,LowCurl,ShapeSecond,,,,-1,
R_CmHTzJOPFFaTWk9,Default Response Set,Anonymous,,,104.207.136.68,0,2017-04-02 17:47:31,2017-04-02 17:52:19,0,1,1,1,0,0,7.435,0,,,,,,,,,,,,,,,,,,,,,,,,,HighCurl,ShapeSecond,,,,-1,
R_1dEtXhgWXglvMt6,Default Response Set,Anonymous,,,24.29.74.151,0,2017-04-03 03:38:24,2017-04-03 03:39:26,0,1,1,,,,,,1,5.238,6.503,7.489,2,,,,,,,Big.,Round and wide.,1.415,13.46,18.651,4,N/A,9,49,2,1,English,,LowCurl,ShapeSecond,,,,-1,
R_231lKTHxYfVAXCx,Default Response Set,Anonymous,,,174.204.1.109,0,2017-04-03 03:17:35,2017-04-03 03:18:17,0,1,1,1,1.561,4.313,7.402,2,,,,,,C,Medium sized,1.917,4.66,10.687,4,,,,,,,None,9,36,1,1,English,,HighCurl,ShapeFirst,,,,-1,
R_ylGyFNfhMqJsMdX,Default Response Set,Anonymous,,,172.250.198.208,0,2017-04-03 03:10:03,2017-04-03 03:11:55,0,1,1,,,,,,1,0,0,9.194,0,,,,,,,The object was the side of a tennis ball it was about as large as a cupped hand,The object was round like an orange the whole hand curved around it,7.055,7.055,49.925,1,It might have had a ring or holder that the two first index fingers grasped,9,28,1,1,English,,LowCurl,ShapeSecond,,,,-1,
R_1P7rppeu1xLr2Sk,Default Response Set,Anonymous,,,73.199.11.6,0,2017-04-03 01:50:34,2017-04-03 01:52:34,0,1,1,1,5.726,8.135,8.351,5,,,,,,,,,,,,About the size of an apple.,Circle.,2.395,14.877,15.434,2,NA,9,22,2,1,English,,HighCurl,ShapeSecond,,,,-1,
R_2CCz4ESAcP4vBoR,Default Response Set,Anonymous,,,72.234.73.228,0,2017-04-03 01:38:04,2017-04-03 01:40:00,0,1,1,,,,,,1,6.547,7.258,8.2,2,Round with a bump on the top,Large,4.222,29.684,31.921,9,,,,,,,None,9,40,2,1,English,,LowCurl,ShapeFirst,,,,-1,
R_21FzzQd4H4Fie8O,Default Response Set,Anonymous,,,76.89.152.238,0,2017-04-03 01:24:54,2017-04-03 01:25:17,0,1,1,,,,,,1,0,0,7.652,0,,,,,,,,,,,,,,,,,,,,LowCurl,ShapeSecond,,,,-1,
R_3iP7wM4ZI6WlHFD,Default Response Set,Anonymous,,,24.177.0.173,0,2017-04-02 17:44:33,2017-04-02 17:46:25,0,1,1,,,,,,1,0,0,7.185,0,,,,,,,2- 3 inches in diameter,round,2.308,2.308,32.037,1,Seems like a common gesture for smaller round items,9,58,2,2,English,,LowCurl,ShapeSecond,,,,-1,
R_2wLJ0SnUv8U8erX,Default Response Set,Anonymous,,,24.180.179.213,0,2017-04-02 17:42:49,2017-04-02 17:43:09,0,1,1,1,0,0,7.241,0,,,,,,,,,,,,,,,,,,,,,,,,,HighCurl,ShapeFirst,,,,-1,
R_24epV0qdlxoANwK,Default Response Set,Anonymous,,,76.116.164.213,0,2017-04-02 17:43:31,2017-04-02 17:45:45,0,1,1,,,,,,1,0,0,7.382,0,"It is rounded, like a backwards letter C.  There is a square sticking out of the top.",Not very big.,2.446,2.446,49.274,1,,,,,,,"It's difficult to know the size that it is supposed to represent because it is being made with a hand, which is relatively small.",9,36,2,1,English,,LowCurl,ShapeFirst,,,,-1,
R_2P6d2YoZNJg9Uoq,Default Response Set,Anonymous,,,66.75.36.159,0,2017-04-02 17:38:07,2017-04-02 17:40:00,0,1,1,,,,,,1,0,0,8.078,0,,,,,,,"In my mind, the object was the size of an orange.","In my mind, it was the shape of a circle.",6.606,47.71,65.215,3,N/A,9,44,2,1,English,,LowCurl,ShapeSecond,,,,-1,
R_1eL9akUNWADWXFQ,Default Response Set,Anonymous,,,98.242.184.133,0,2017-04-02 17:44:08,2017-04-02 17:46:09,0,1,1,,,,,,1,0,0,8.732,0,,,,,,,It was around the size of a small hand ball (around 1/3 a cubic foot in diameter).,Circular/circle/round.,1.382,67.564,68.029,7,"Thanks. I didn't quite get what kind of detailed answers are expected, but I gave it a shot.",9,25,1,1,English,,LowCurl,ShapeSecond,,,,-1,
R_Oqwcg5YXdUwrepz,Default Response Set,Anonymous,,,71.224.180.126,0,2017-04-02 17:43:52,2017-04-02 17:45:25,0,1,1,1,0,0,7.045,0,,,,,,,,,,,,The size was about the size of a clementine orange.,The letter C,7.912,26.783,30.821,4,None,9,37,2,2,English,,HighCurl,ShapeSecond,,,,-1,
R_3KpxUUMcvDR4RHi,Default Response Set,Anonymous,,,72.174.173.118,0,2017-04-02 17:43:28,2017-04-02 17:45:19,0,1,1,,,,,,1,0,0,7.575,0,A Letter C as in Crip,"Medium size, a small hand with a medium size picture",1.655,43.061,44.533,8,,,,,,,"Growing up in the hood, I would be shot throwing that sign up.",9,36,1,1,English,,LowCurl,ShapeFirst,,,,-1,
R_2bOBgLmhpYuOCRf,Default Response Set,Anonymous,,,24.38.193.69,0,2017-04-02 17:25:31,2017-04-02 17:29:07,0,1,1,,,,,,1,2.071,2.071,7.372,1,,,,,,,,,,,,,,,,,,,,LowCurl,ShapeFirst,,,,-1,
R_3ivQXgtpVBBAhMb,Default Response Set,Anonymous,,,71.176.109.214,0,2017-04-02 17:24:56,2017-04-02 17:26:28,0,1,1,1,5.295,5.295,7.55,1,,,,,,,,,,,,Little.  Maybe two or three inches ,It was a square,4.124,27.422,38.367,6,None,9,37,1,1,English ,,HighCurl,ShapeSecond,,,,-1,
R_2tbu9GOinvIab9W,Default Response Set,Anonymous,,,74.71.163.62,0,2017-04-02 17:10:08,2017-04-02 17:11:45,0,1,1,1,0,0,8.606,0,,,,,,i was a semi circle. shaped like a backwards C.,not to big. maybe a few inches.,4.524,36.332,57.898,4,,,,,,,thanks,9,37,1,1,english,,HighCurl,ShapeFirst,,,,-1,
R_3dKT9ruH6Xc9oBb,Default Response Set,Anonymous,,,24.40.80.160,0,2017-04-02 17:04:02,2017-04-02 17:44:33,0,1,1,1,0,0,8.02,0,,,,,,,,,,,,,,,,,,,,,,,,,HighCurl,ShapeSecond,,,,-1,
R_2ypZXi0DTXJGcbu,Default Response Set,Anonymous,,,98.242.255.44,0,2017-04-03 05:58:42,2017-04-03 05:59:52,1,1,1,1,0,0,9.98,0,,,,,,It was a circle.,It was the size of a golf ball.,0.931,2.72,15.778,2,,,,,,,None,9,29,1,1,English,1,HighCurl,ShapeFirst,,25.982498168945,-80.343399047852,-1,
R_1kUGe4YrZuCUWKD,Default Response Set,Anonymous,,,73.233.150.132,0,2017-04-03 05:58:43,2017-04-03 06:01:34,1,1,1,,,,,,1,0,0,7.591,0,a backwards C,medium,2.464,2.464,8.963,1,,,,,,,most people cannot make the gesture that was shown; our muscles and tendons do not allow it such a type of stretch.,9,35,1,1,english,1,LowCurl,ShapeFirst,,40.102996826172,-74.941497802734,-1,
R_2BlFRp5sb7PHJcs,Default Response Set,Anonymous,,,68.250.117.122,0,2017-04-03 06:01:47,2017-04-03 06:02:57,1,1,1,1,3.625,4.55,7.912,2,,,,,,,,,,,,Small,Circular,1.199,1.204,11.187,2,n/a,9,31,2,1,English,1,HighCurl,ShapeSecond,,41.626998901367,-88.204002380371,-1,
R_10VELfZt8NEU6S3,Default Response Set,Anonymous,,,71.77.226.116,0,2017-04-03 06:04:00,2017-04-03 06:05:16,1,1,1,,,,,,1,0,0,7.528,0,,,,,,,Large.,OK symbol.,1.779,1.779,13.86,1,Took me a little by surprise.,9,28,1,1,English,1,LowCurl,ShapeSecond,,34.292602539062,-78.675903320312,-1,
R_3HM2wbMFnmY0IDv,Default Response Set,Anonymous,,,12.204.222.254,0,2017-04-03 05:58:39,2017-04-03 06:08:05,1,1,1,,,,,,1,0,0,7.521,0,A circle,"Relatively large, based on how big the person was making it",40.667,58.002,58.286,2,,,,,,,Nothing else so far,9,37,1,1,English,1,LowCurl,ShapeFirst,,35.108001708984,-85.152603149414,-1,
R_2B3Zq95C37xaOdc,Default Response Set,Anonymous,,,71.190.250.26,0,2017-04-03 06:08:12,2017-04-03 06:12:43,1,1,1,,,,,,1,0,0,8.768,0,,,,,,,A child's right hand with a gesture.,It looks like an opposite side of C shape.,7.853,59.665,123.886,2,None.,9,40,2,1,English,1,LowCurl,ShapeSecond,,40.859405517578,-73.212097167969,-1,
R_25zp585JntaaeFN,Default Response Set,Anonymous,,,216.57.222.134,0,2017-04-03 06:47:03,2017-04-03 06:48:51,1,1,1,1,0,0,7.982,0,,,,,,a cube or box shaped item.,small,3.745,36.513,44.458,2,,,,,,,None,9,42,1,1,English,1,HighCurl,ShapeFirst,,48.798202514648,-122.40980529785,-1,
R_1jZK0Uj2CizmbPq,Default Response Set,Anonymous,,,74.98.211.120,0,2017-04-03 06:58:05,2017-04-03 06:59:28,1,1,1,1,0,0,7.855,0,,,,,,,,,,,,small,round,5.832,5.832,9.87,1,none,9,38,2,1,English,1,HighCurl,ShapeSecond,,40.434494018555,-79.866096496582,-1,
R_3qCMM3XJlsvyvgl,Default Response Set,Anonymous,,,73.42.60.41,0,2017-04-03 06:58:43,2017-04-03 06:59:49,1,1,1,,,,,,1,0,0,7.989,0,ball,small,1.446,1.446,6.934,1,,,,,,,none,9,27,2,2,English only,1,LowCurl,ShapeFirst,,30.231597900391,-85.501998901367,-1,
R_ZgUUxEIBfav2Ojf,Default Response Set,Anonymous,,,68.118.139.157,0,2017-04-03 06:57:21,2017-04-03 07:01:07,1,1,1,1,0,0,8.008,0,,,,,,,,,,,,the object size was very small and able to hold between 2 fingers,the object was the shape of the letter c,2.109,90.194,101.387,5,no comments,9,34,1,1,english,1,HighCurl,ShapeSecond,,33.998901367188,-117.44079589844,-1,
R_81Eq7QsuUPbvVFD,Default Response Set,Anonymous,,,50.83.75.194,0,2017-04-03 07:07:33,2017-04-03 07:08:51,1,1,1,,,,,,1,0,0,51.111,0,It was round,It was small,1.89,1.89,7.12,1,,,,,,,na,9,33,1,1,english,1,LowCurl,ShapeFirst,,30.479797363281,-87.865798950195,-1,
R_3jfk5AdWcsaaSgG,Default Response Set,Anonymous,,,67.212.209.118,0,2017-04-03 07:31:54,2017-04-03 07:32:38,1,1,1,1,2.71,2.71,8.172,1,,,,,,,,,,,,2 inches,a sphere,2.833,2.833,7.51,1,none,9,22,1,3,english,1,HighCurl,ShapeSecond,,46.628799438477,-87.479598999023,-1,
R_2S3orKSjrn2L5tt,Default Response Set,Anonymous,,,107.12.163.74,0,2017-04-03 07:32:20,2017-04-03 07:34:14,1,1,1,1,0,0,8.939,0,,,,,,I viewed it as being round.,I viewed it as being something small.,1.723,25.889,36.015,4,,,,,,,n/a,9,40,2,1,English,1,HighCurl,ShapeFirst,,34.900802612305,-76.826202392578,-1,
R_cCmzlR8kNttEICZ,Default Response Set,Anonymous,,,98.214.215.40,0,2017-04-03 07:32:04,2017-04-03 07:34:34,1,1,1,,,,,,1,0,0,42.17,0,,,,,,,The object was the size of a hand,It was in the shape of a backwards letter C,1.697,1.697,41.034,1,I hope I did what you wanted,9,42,1,1,English,1,LowCurl,ShapeSecond,,39.915496826172,-88.891799926758,-1,
R_1qZYXVRnFtvb1Gl,Default Response Set,Anonymous,,,72.80.33.72,0,2017-04-03 07:34:27,2017-04-03 07:36:06,1,1,1,,,,,,1,0,0,9.459,0,,,,,,,two inches,the shape was a letter c,11.243,11.243,39.291,1,no comments ,9,33,2,1,English,1,LowCurl,ShapeSecond,,40.735397338867,-73.878303527832,-1,
R_2QSY8DD3aG74ss7,Default Response Set,Anonymous,,,8.20.70.240,0,2017-04-03 07:39:47,2017-04-03 07:41:11,1,1,1,1,4.51,4.51,8.988,1,,,,,,,,,,,,"Small, maybe a couple inches tall.","Either round or square with flat, solid edges.",5.192,5.192,33.837,1,"It was interesting, thanks!",9,26,2,2,English,1,HighCurl,ShapeSecond,,39.917098999023,-76.725601196289,-1,
R_3n8UaxoPRfwdsHT,Default Response Set,Anonymous,,,73.2.32.170,0,2017-04-03 07:51:29,2017-04-03 07:54:00,1,1,1,1,0,0,10.278,0,,,,,,,,,,,,Small,Square,3.834,3.834,26.636,1,I generally use that gesture to describe small things,9,34,1,2,English,1,HighCurl,ShapeSecond,,36.80110168457,-119.80250549316,-1,
R_2VdOLELxiISNM7G,Default Response Set,Anonymous,,,47.223.174.62,0,2017-04-03 07:54:33,2017-04-03 07:57:00,1,1,1,,,,,,1,0,0,9.283,0,Like the letter C,average sized hand,16.048,16.048,33.105,1,,,,,,,I thought it was very odd.,9,40,1,1,english,1,LowCurl,ShapeFirst,,32.122299194336,-95.922698974609,-1,
R_1Ein8R2ZziVvEwS,Default Response Set,Anonymous,,,162.201.216.94,0,2017-04-03 07:58:17,2017-04-03 08:00:13,1,1,1,,,,,,1,0,0,7.292,0,,,,,,,Large on the screen but small in real life.,Some sort of animal. ,2.868,24.481,42.127,2,No comment.,9,39,1,1,English,1,LowCurl,ShapeSecond,,41.998992919922,-87.821998596191,-1,
R_2bWAfwJUlXCjL6Z,Default Response Set,Anonymous,,,71.49.105.58,0,2017-04-03 07:58:59,2017-04-03 08:00:35,1,1,1,1,0,0,9.195,0,,,,,,The letter c backwards,Medium size not to big not to small just right,2.247,11.762,26.756,2,,,,,,,none,9,30,2,1,english,1,HighCurl,ShapeFirst,,26.629196166992,-81.943199157715,-1,
R_1q21xgmIG8v3pS3,Default Response Set,Anonymous,,,50.139.148.122,0,2017-04-03 07:57:45,2017-04-03 08:00:36,1,1,1,1,0,0,9.365,0,,,,,,,,,,,,3 inches,round,4.125,27.652,29.642,4,"I don't have any further comments, questions, thoughts or ideas you have on the gesture you just saw or the question you asked about it.",9,42,1,1,English,1,HighCurl,ShapeSecond,,42.121002197266,-72.489601135254,-1,
R_1F9EOvFx7xWeA4c,Default Response Set,Anonymous,,,96.86.36.141,0,2017-04-03 08:02:53,2017-04-03 08:03:55,1,1,1,,,,,,1,0,0,7.003,0,a circle as the index and thumb were formulated into a circle shape ,a small size due to the small size of the hand ,1.622,15.578,26.106,2,,,,,,,it looked like an OK symbol ,9,23,2,2,english,1,LowCurl,ShapeFirst,,38.934799194336,-77.267196655273,-1,
R_1GQiqceXy6mLQ19,Default Response Set,Anonymous,,,98.91.0.68,0,2017-04-03 08:02:43,2017-04-03 08:04:32,1,1,1,1,0,0,8.603,0,,,,,,,,,,,,The object's size was small or tiny.,The object's shape was round.,5.336,5.336,40.62,1,no comments,9,40,1,1,english,1,HighCurl,ShapeSecond,,32.964706420898,-80.201499938965,-1,
R_a05iKPyWZMIfgLD,Default Response Set,Anonymous,,,136.61.83.179,0,2017-04-03 08:03:37,2017-04-03 08:06:42,1,1,1,,,,,,1,0,0,10.381,0,The object is round.,"The object is small, maybe twice the size of a quarter.",11.219,23.308,53.297,2,,,,,,,"You should give more detailed instructions than just saying it ""characterizes an object"". With just that I don't know what kind of answer you are looking for.",9,29,1,1,English,1,LowCurl,ShapeFirst,,39.106796264648,-94.56600189209,-1,
R_0Sxoz1JMpsrNWuZ,Default Response Set,Anonymous,,,50.131.187.121,0,2017-04-03 08:06:02,2017-04-03 08:07:55,1,1,1,,,,,,1,0,0,7.925,0,"Probably round, maybe with something protruding from it",About the size of a coffee cup,2.666,2.666,29.759,1,,,,,,,No comments,9,36,1,1,English,1,LowCurl,ShapeFirst,,37.811599731445,-122.24200439453,-1,
R_UVGvXXFeypFGspP,Default Response Set,Anonymous,,,104.15.198.42,0,2017-04-03 08:03:53,2017-04-03 08:09:05,1,1,1,,,,,,1,0,0,15.493,0,,,,,,,It was a small object about the size of your hand.,The shape of the object was like a backwards C with a small square on the top right-hand side.,9.604,41.862,77.032,3,I could not come up with a guess as to what the gesture meant.,9,44,2,1,English,1,LowCurl,ShapeSecond,,39.687805175781,-82.604598999023,-1,
R_2zAeMQrMtuE1NCB,Default Response Set,Anonymous,,,69.242.81.228,0,2017-04-03 08:09:55,2017-04-03 08:11:31,1,1,1,1,0,0,8.579,0,,,,,,round,small,1.771,7.147,11.25,2,,,,,,,none,9,47,2,2,english,1,HighCurl,ShapeFirst,,39.968307495117,-75.826698303223,-1,
R_R8Zx0SCLUKbNPzz,Default Response Set,Anonymous,,,192.136.223.46,0,2017-04-03 08:09:53,2017-04-03 08:12:30,1,1,1,,,,,,1,0,0,9.723,0,,,,,,,About two 5 inches in diameter with a 2 inch opening on the end.,Looked like a circular shape with something that is attached but showing directly behind it.  Something like a piggie bank with money stuck at the top.,2.118,2.118,60.329,1,Really hard to come up with much for it tbh based on that hand gesture.,9,31,1,1,English,1,LowCurl,ShapeSecond,,32.661499023438,-97.169403076172,-1,
R_8GLWQhwR9o8F35n,Default Response Set,Anonymous,,,173.175.168.39,0,2017-04-03 08:56:27,2017-04-03 08:58:21,1,1,1,1,0,0,10.262,0,,,,,,A circle made by a hand,Small and about 4 inches,7.915,7.915,17.332,1,,,,,,,fun!,9,29,1,1,English,1,HighCurl,ShapeFirst,,31.783203125,-106.49759674072,-1,
R_RwMGLUELAzfdQ7D,Default Response Set,Anonymous,,,142.196.229.160,0,2017-04-03 08:56:31,2017-04-03 09:00:06,1,1,1,,,,,,1,7.423,8.225,10.603,6,,,,,,,large,letter c shape,4.826,10.145,16.746,2,This looked like someone was showing a letter C,9,43,1,1,English,1,LowCurl,ShapeSecond,,28.676605224609,-81.199096679688,-1,
R_10ZMCDGAI0GqklG,Default Response Set,Anonymous,,,98.230.94.96,0,2017-04-03 09:00:09,2017-04-03 09:03:34,1,1,1,1,0,0,9.181,0,,,,,,A backwards C and kind of circular but not a full circle.,About 5 inches.,3.411,42.97,45.234,4,,,,,,,None,9,35,2,1,English,1,HighCurl,ShapeFirst,,30.231597900391,-85.501998901367,-1,
R_2CkdGLbwedpapgS,Default Response Set,Anonymous,,,50.39.189.221,0,2017-04-03 09:05:43,2017-04-03 09:08:10,1,1,1,,,,,,1,0,0,12.076,0,"It's like a letter ""C""",size is about four inches in diameter.,2.159,15.927,29.556,2,,,,,,,The hand looks like a cartoon picture.,9,44,1,1,"Indonesian, English.",1,LowCurl,ShapeFirst,,45.445999145508,-122.88200378418,-1,
R_2XbSBoxH4LrZw0S,Default Response Set,Anonymous,,,98.183.146.2,0,2017-04-03 09:43:31,2017-04-03 09:45:29,1,1,1,,,,,,1,0,0,7.151,0,"The object is circular with a knob at the top, potentially ears.",The object is medium to large in size.,1.807,21.727,33.792,3,,,,,,,I believe it was meant to symbolize an animal.,9,26,2,1,English,1,LowCurl,ShapeFirst,,36.796798706055,-76.176696777344,-1,
R_2uTCKHgy5qtD1Gk,Default Response Set,Anonymous,,,24.93.137.110,0,2017-04-03 09:43:52,2017-04-03 09:45:42,1,1,1,,,,,,1,0,0,8.279,0,,,,,,,Size is how large or small an object is.,Shape describes the form that it takes.,3.461,3.461,31.221,1,"Made sense, good survey.",9,24,1,1,English,1,LowCurl,ShapeSecond,,44.173294067383,-69.124801635742,-1,
R_2P0Q0hKfCF2fvg0,Default Response Set,Anonymous,,,108.232.39.22,0,2017-04-03 09:45:09,2017-04-03 09:46:52,1,1,1,1,0,0,7.828,0,,,,,,The letter C,Medium,3.628,3.628,16.896,1,,,,,,,none,9,40,2,2,English,1,HighCurl,ShapeFirst,,35.462295532227,-97.341903686523,-1,
R_1ietHaY7zuhmDJL,Default Response Set,Anonymous,,,68.190.248.238,0,2017-04-03 09:47:31,2017-04-03 09:50:13,1,1,1,,,,,,1,0,0,7.857,0,,,,,,,Large,round,4.803,4.803,11.868,1,none,9,44,2,1,english,1,LowCurl,ShapeSecond,,33.831497192383,-118.18470001221,-1,
R_2pLTG1pdqvelD5c,Default Response Set,Anonymous,,,173.90.75.108,0,2017-04-03 09:49:25,2017-04-03 09:51:01,1,1,1,1,0,0,11.356,0,,,,,,,,,,,,"Small, perhaps less than an inch.",It was square or rectangular. Not round.,1.526,1.526,25.825,1,no issue,9,40,1,1,english,1,HighCurl,ShapeSecond,,40.899597167969,-81.439598083496,-1,
R_3fpnhi10GSd9fJD,Default Response Set,Anonymous,,,98.146.70.177,0,2017-04-03 09:59:18,2017-04-03 10:00:46,1,1,1,,,,,,1,0,0,7.981,0,circle,similar to the size of a golf ball,3.638,3.638,22.895,1,,,,,,,none,9,25,2,1,english,1,LowCurl,ShapeFirst,,47.789199829102,-117.02659606934,-1,
R_3HYSkfuMA5PKv0v,Default Response Set,Anonymous,,,104.52.25.66,0,2017-04-03 10:01:33,2017-04-03 10:03:06,1,1,1,,,,,,1,0,0,8.037,0,The objects shape was a half moon.,The size is very large.,1.453,1.453,24.77,1,,,,,,,The hand gesture was quite interesting to look at.,9,42,2,2,English,1,LowCurl,ShapeFirst,,34.168304443359,-118.37300109863,-1,
R_1GDJrjHNf38AWvh,Default Response Set,Anonymous,,,74.140.7.97,0,2017-04-03 10:01:25,2017-04-03 10:04:15,1,1,1,,,,,,1,0,0,8.739,0,,,,,,,Medium,Circular,5.937,5.937,42.417,1,I was supposed to focus on the gesture and try to figure out what it was symbolizing. I haven't got a clue though. ,9,27,2,1,"Russian, English ",1,LowCurl,ShapeSecond,,40.117599487305,-83.126502990723,-1,
R_2WD8BwB57cfGx1J,Default Response Set,Anonymous,,,75.169.174.64,0,2017-04-03 10:01:50,2017-04-03 10:04:33,1,1,1,1,0,0,7.554,0,,,,,,"A backwards ""C""",About 4 inches high and across,1.619,44.364,48.806,2,,,,,,,I don't have any comments or thoughts about the gesture.,9,29,1,1,English,1,HighCurl,ShapeFirst,,40.657592773438,-111.88400268555,-1,
R_2aqSU3ukxwLsvPW,Default Response Set,Anonymous,,,201.218.40.198,0,2017-04-03 09:59:28,2017-04-03 10:05:08,1,1,1,1,0,0,11.039,0,,,,,,,,,,,,2 inches,square,1.046,1.046,11.989,1,I think its a common gesture. ,9,27,2,1,"English, Spanish",1,HighCurl,ShapeSecond,,-1.0500030517578,-80.449996948242,-1,
R_3KxU4Cow9iqJU1X,Default Response Set,Anonymous,,,107.13.179.25,0,2017-04-03 10:05:09,2017-04-03 10:07:05,1,1,1,1,0,0,9.049,0,,,,,,,,,,,,2-3 inches in diameter,circular,9.447,15.898,31.621,2,none,9,29,2,1,English,1,HighCurl,ShapeSecond,,35.746307373047,-78.723899841309,-1,
R_3DvU26ntjrrsA4n,Default Response Set,Anonymous,,,209.147.144.11,0,2017-04-03 10:08:48,2017-04-03 10:10:03,1,1,1,,,,,,1,3.692,3.692,9.493,1,,,,,,,small,round,1.876,5.795,9.255,2,looked like a coffee cup,9,25,1,1,English,1,LowCurl,ShapeSecond,,33.414794921875,-111.90930175781,-1,
R_1ITAR1KvLAyVTrb,Default Response Set,Anonymous,,,50.137.47.45,0,2017-04-03 10:16:17,2017-04-03 10:17:42,1,1,1,,,,,,1,0,0,9.796,0,,,,,,,2.5 inch diameter,round; circle,1.856,1.856,23.622,1,dont have any,9,29,2,1,english,1,LowCurl,ShapeSecond,,44.639099121094,-123.27099609375,-1,
R_2v99PbSzXQICSrW,Default Response Set,Anonymous,,,8.35.165.165,0,2017-04-03 10:15:55,2017-04-03 10:17:56,1,1,1,,,,,,1,6.893,6.893,8.418,1,,,,,,,The object was the size of a child's hand. ,"The shape was rounded, and was life-like, appearing like a natural human hand.",2.163,2.163,56.859,1,No issues,9,32,1,1,English,1,LowCurl,ShapeSecond,,42.768402099609,-78.887100219727,-1,
R_3I05cr9Mrj0QytX,Default Response Set,Anonymous,,,71.251.200.33,0,2017-04-03 10:17:18,2017-04-03 10:18:21,1,1,1,1,0,0,7.024,0,,,,,,,,,,,,Small - fits between the fingers.,"Probably straight, possibly slightly bent.",1.521,1.521,18.271,1,"It is a common gesture for ""tiny"" object",9,29,1,1,English,1,HighCurl,ShapeSecond,,40.751800537109,-74.066200256348,-1,
R_2YPyQmeo6nGeKvs,Default Response Set,Anonymous,,,97.89.231.42,0,2017-04-03 10:15:59,2017-04-03 10:18:42,1,1,1,1,0,0,9.329,0,,,,,,,,,,,,The objects size is about 5 inches in diameter.,The objects shape is circular. ,4.735,57.959,60.203,2,The perception of the objects size must change based on the size of the viewers hand. ,9,29,1,1,English,1,HighCurl,ShapeSecond,,35.387405395508,-78.868598937988,-1,
R_2CrG2spW71Fm5TU,Default Response Set,Anonymous,,,98.221.117.79,0,2017-04-03 10:16:27,2017-04-03 10:19:54,1,1,1,1,0,0,7.346,0,,,,,,"The object appears to be crescent-shaped, because the person's thumb and index finger are not touching.  ","The object seems to be small, perhaps the size of a lemon.",0.576,40.077,87.585,3,,,,,,,No questions or comments.,9,53,2,1,"English is my only language, although I do know a few phrases in French and Spanish.",1,HighCurl,ShapeFirst,,39.391403198242,-74.518203735352,-1,
R_r9c27ejnxhBoYdb,Default Response Set,Anonymous,,,70.185.215.186,0,2017-04-03 10:15:48,2017-04-03 10:20:02,1,1,1,,,,,,1,0,0,7.649,0,a round or circle shape,about the size of a large coin,2.232,44.543,58.231,4,,,,,,,"The gesture could be just an estimation of the height of something small, not the whole shape. ",9,35,2,1,English,1,LowCurl,ShapeFirst,,36.146697998047,-95.955497741699,-1,
R_emKVpvu6DmBBWhz,Default Response Set,Anonymous,,,68.10.186.94,0,2017-04-03 10:20:46,2017-04-03 10:22:44,1,1,1,,,,,,1,6.075,6.075,11.222,1,CIRCLE,CUPCAKE,12.782,12.782,21.341,1,,,,,,,NONE,9,24,2,1,ENGLISH,1,LowCurl,ShapeFirst,,37.062698364258,-76.405197143555,-1,
R_3smLM2f1ZL1PEiZ,Default Response Set,Anonymous,,,108.254.224.255,0,2017-04-03 10:31:36,2017-04-03 10:33:26,1,1,1,1,0,0,7.457,0,,,,,,,,,,,,It was about the size of a lemon,it was a c shape. ,8.055,10.372,56.963,2,na,9,27,2,1,English,1,HighCurl,ShapeSecond,,34.617004394531,-89.907997131348,-1,
R_2RVbcF8WkmD2OZ8,Default Response Set,Anonymous,,,73.172.133.201,0,2017-04-03 10:33:07,2017-04-03 10:35:00,1,1,1,,,,,,1,0,0,7.165,0,The shape of the letter C,Normal hand size,2.1,32.546,45.661,2,,,,,,,none,9,62,1,1,English,1,LowCurl,ShapeFirst,,39.463195800781,-77.952102661133,-1,
R_3g5ZhWIvkak4YNO,Default Response Set,Anonymous,,,40.128.68.8,0,2017-04-03 10:33:33,2017-04-03 10:35:00,1,1,1,1,0,0,9.257,0,,,,,,"round, circular",about the size of a golf ball,1.476,1.476,19.1,1,,,,,,,Was unsure if the person was holding the object between thumb and forefinger or if the entire shape of the fingers was the object,9,29,2,1,English,1,HighCurl,ShapeFirst,,34.051406860352,-118.14559936523,-1,
R_8JlH4og4nBRKXqp,Default Response Set,Anonymous,,,172.56.28.206,0,2017-04-03 10:33:54,2017-04-03 10:37:02,1,1,1,1,0,0,9.558,0,,,,,,Oval shaped; the hand was making distinct curves to indicate a curved shape.,The size was relatively small; it was less than 6 inches in height.,2.179,26.336,70.979,2,,,,,,,It was maybe describing an egg as the object.,9,37,1,1,English,1,HighCurl,ShapeFirst,,39.954299926758,-75.165702819824,-1,
R_SUZ7O7wnKsy6RRT,Default Response Set,Anonymous,,,92.241.49.195,0,2017-04-03 10:35:58,2017-04-03 10:39:01,1,1,1,1,3.593,3.593,7.027,1,,,,,,,,,,,,Small,Circular,6.825,16.654,36.711,2,NA,9,29,2,1,Arabic,1,HighCurl,ShapeSecond,,31.949996948242,35.933303833008,-1,
R_3noPbKYkGYEMKuO,Default Response Set,Anonymous,,,131.107.147.161,0,2017-04-03 10:41:27,2017-04-03 10:42:14,1,1,1,,,,,,1,0,0,10.374,0,,,,,,,small,round,3.527,3.527,6.841,1,none,9,27,1,1,english,1,LowCurl,ShapeSecond,,47.67399597168,-122.12149810791,-1,
R_1Qi8uCPbMYq6Xmz,Default Response Set,Anonymous,,,68.2.67.191,0,2017-04-03 10:41:46,2017-04-03 10:44:37,1,1,1,1,0,0,8.037,0,,,,,,,,,,,,The object is about 2 inches in size.,The shape is round.,2.219,2.219,30.528,1,It's difficult to tell if the person was indicating shape in addition to size.,9,54,2,1,English,1,HighCurl,ShapeSecond,,33.448806762695,-111.80139923096,-1,
R_0wuujaKsC9icGLD,Default Response Set,Anonymous,,,74.129.41.232,0,2017-04-03 10:42:22,2017-04-03 10:44:50,1,1,1,,,,,,1,0,0,7.493,0,Frog face with eye,Medium,2.063,20.652,24.327,2,,,,,,,It looked like a frog face with an eye.,9,31,2,1,English,1,LowCurl,ShapeFirst,,37.944396972656,-87.661003112793,-1,
R_UYnsyuuAZNHOAHn,Default Response Set,Anonymous,,,66.190.28.239,0,2017-04-03 10:43:10,2017-04-03 10:45:05,1,1,1,,,,,,1,0,0,8.482,0,A circle,about the size of a baseball,1.667,1.667,28.181,1,,,,,,,"The hand looked like a little kid hand, the shape was a circle and the size on screen looked a little smaller than a baseball",9,28,2,3,english,1,LowCurl,ShapeFirst,,43.798202514648,-91.128601074219,-1,
R_88jaMBadR8LI2Fb,Default Response Set,Anonymous,,,47.18.212.213,0,2017-04-03 10:47:48,2017-04-03 10:49:25,1,1,1,,,,,,1,0,0,7.246,0,,,,,,,very large,"""ok"" sign",3.322,3.322,18.538,1,none,9,46,1,1,english,1,LowCurl,ShapeSecond,,40.671401977539,-73.936096191406,-1,
R_12xK3xi1XZ8k5Bo,Default Response Set,Anonymous,,,184.203.201.10,0,2017-04-03 10:42:33,2017-04-03 10:49:38,1,1,1,,,,,,1,0,0,7.608,0,,,,,,,small,frog,3.203,121.489,125.498,3,can't think of anything,9,34,1,1,English,1,LowCurl,ShapeSecond,,29.418502807617,-95.452499389648,-1,
R_2c0JvgLqh69n6za,Default Response Set,Anonymous,,,70.44.96.77,0,2017-04-03 10:58:46,2017-04-03 11:00:17,1,1,1,1,1.96,5.742,7.753,6,,,,,,A circle,An inch or two,1.49,11.687,12.372,7,,,,,,,Nothing,9,26,1,1,English,1,HighCurl,ShapeFirst,,40.615203857422,-75.543701171875,-1,
R_32KM2rDI97T3CY4,Default Response Set,Anonymous,,,74.90.254.106,0,2017-04-03 11:11:00,2017-04-03 11:12:35,1,1,1,1,0,0,8.7,0,,,,,,it was the shape of a backwards letter C,the size was about half of a human hand,2.73,17.643,25.024,2,,,,,,,none,9,34,1,2,English,1,HighCurl,ShapeFirst,,40.671401977539,-73.936096191406,-1,
R_1NwY84mC9BvxeaI,Default Response Set,Anonymous,,,170.154.57.177,0,2017-04-03 11:15:16,2017-04-03 11:17:11,1,1,1,1,0,0,9.684,0,,,,,,,,,,,,"it was small, it seemed to be showing something small","it was a circle, it looked like the ASL for moon",1.635,1.635,29.401,1,none,9,31,1,1,english,1,HighCurl,ShapeSecond,,42.085800170898,-70.999900817871,-1,
R_3Evi88yEDcqGvPr,Default Response Set,Anonymous,,,24.19.125.248,0,2017-04-03 11:20:29,2017-04-03 11:22:14,1,1,1,,,,,,1,0,0,10.491,0,,,,,,,tiny,something with a handle or a tail,3.753,3.753,27.323,1,Maybe a mouse or a coffee cup.,9,36,2,1,English,1,LowCurl,ShapeSecond,,47.197998046875,-122.44729614258,-1,
R_2z5qG41KnH6vg25,Default Response Set,Anonymous,,,73.19.130.68,0,2017-04-03 16:18:56,2017-04-03 16:20:00,1,1,1,1,0,0,9.961,0,,,,,,,,,,,,small,square,0.026,12.306,18.88,4,none,9,25,1,2,english,1,HighCurl,ShapeSecond,,31.150299072266,-85.411399841309,-1,
R_2wEIz85wBO2nr3k,Default Response Set,Anonymous,,,108.246.13.42,0,2017-04-03 16:18:54,2017-04-03 16:20:29,1,1,1,,,,,,1,0,0,11.269,0,,,,,,,About 6 inches long and 4 inches wide.,It was a hand shaped like a C.,1.929,1.929,27.683,1,It reminds me of a gang sign.,9,34,1,1,English,1,LowCurl,ShapeSecond,,38.746795654297,-120.68119812012,-1,
R_25AuoX1EElmp7s0,Default Response Set,Anonymous,,,72.197.218.140,0,2017-04-03 16:18:55,2017-04-03 16:20:55,1,1,1,,,,,,1,0,0,7.91,0,,,,,,,It was the size of a childs hand.,It was a hand signalling for a duck.,7.591,44.333,44.658,8,Nope.,9,28,1,1,English,1,LowCurl,ShapeSecond,,32.901702880859,-116.89329528809,-1,
R_237Un2bmiRDoBPb,Default Response Set,Anonymous,,,98.225.91.196,0,2017-04-03 16:19:01,2017-04-03 16:21:12,1,1,1,1,0,0,9.575,0,,,,,,It was in the shape of a C,Small very small,2.566,9.156,14.959,2,,,,,,,"Its like someone saying "" Hey look at this tiny thing""",9,26,1,1,English,1,HighCurl,ShapeFirst,,32.336898803711,-111.05020141602,-1,
R_2TnqE24VsUHYKTm,Default Response Set,Anonymous,,,174.3.33.228,0,2017-04-03 16:19:03,2017-04-03 16:24:15,1,1,1,,,,,,1,0,0,9.99,0,Objects shape is round because the index and thumb fit into a perfect circle,"About 2"" in diameter if we're going by my hand size.",2.826,74.574,78.752,3,,,,,,,Might be easier to analyse if I had multiple perspectives.,9,32,1,1,English,1,LowCurl,ShapeFirst,,53.633407592773,-113.63529968262,-1,
R_BK7vPEtTrL1IIDv,Default Response Set,Anonymous,,,98.213.89.68,0,2017-04-03 16:35:02,2017-04-03 16:36:44,1,1,1,,,,,,1,4.081,5.066,7.421,2,,,,,,,"small, almost child like",a letter C,2.8,10.467,16.974,2,could be sign language,9,22,1,1,english,1,LowCurl,ShapeSecond,,41.513793945312,-87.599700927734,-1,
R_3D11sdkmeA4EEeO,Default Response Set,Anonymous,,,173.17.73.117,0,2017-04-03 17:23:39,2017-04-03 17:26:33,1,1,1,1,4.214,4.214,9.72,1,,,,,,,,,,,,A couple of inches from finger to finger,circular,2.694,2.694,25.591,1,None,9,35,1,2,English,1,HighCurl,ShapeSecond,,37.170196533203,-93.329696655273,-1,
R_u3xjbLz9K3lnw6B,Default Response Set,Anonymous,,,65.33.203.31,0,2017-04-03 17:28:11,2017-04-03 17:30:58,1,1,1,,,,,,1,3.423,3.423,8.756,1,A C shape with chimney,Big hand but small arm and small fingers,18.107,48.679,59.076,2,,,,,,,It kind of looked like an okay sign.,9,23,1,1,English,1,LowCurl,ShapeFirst,,27.973098754883,-81.673599243164,-1,
R_2PkaRYzhf7yFff8,Default Response Set,Anonymous,,,173.15.93.10,0,2017-04-03 17:29:45,2017-04-03 17:31:05,1,1,1,1,0,0,7.393,0,,,,,,,,,,,,About 3 inches tall.,It was egg shaped.,1.059,1.059,14.723,1,It looked like someone holding an egg.,9,28,1,1,English,1,HighCurl,ShapeSecond,,42.009292602539,-88.092597961426,-1,
R_3NvUhfKLx2jtsNV,Default Response Set,Anonymous,,,72.24.115.0,0,2017-04-03 17:42:58,2017-04-03 17:44:37,1,1,1,,,,,,1,0,0,7.689,0,,,,,,,it was standard size,it was a circle shape,1.56,1.56,16.232,1,none,9,41,2,1,english,1,LowCurl,ShapeSecond,,33.584594726562,-88.414001464844,-1,
R_2f6BR4ZEhRkk1Gx,Default Response Set,Anonymous,,,172.113.160.244,0,2017-04-03 17:43:13,2017-04-03 17:45:03,0,1,1,,,,,,1,0,0,8.226,0,It was a circle with another small circle above it. Almost like a head and an ear poking up.,"It was not small, it seemed like a somewhat large sized object to me.",2.017,19.44,39.168,2,,,,,,,none,9,27,1,1,english,,LowCurl,ShapeFirst,,,,-1,
R_2feWfzz6v4EklWh,Default Response Set,Anonymous,,,70.16.109.59,0,2017-04-03 17:37:43,2017-04-03 17:40:01,0,1,1,,,,,,1,7.854,7.854,8.782,1,,,,,,,the object's size was very small.,The shape was circular.,0.671,27.753,28.824,5,I've used that gesture or something similar to denote something small.,9,51,2,1,English,,LowCurl,ShapeSecond,,,,-1,
R_1CvysAIDoJjuAgq,Default Response Set,Anonymous,,,68.10.248.102,0,2017-04-03 17:23:58,2017-04-03 17:26:56,0,1,1,1,0,0,9.801,0,,,,,,It was the shape of a semi circle.,"Small, maybe 3 inches in diameter",5.644,47.968,81.876,2,,,,,,,No comment,9,34,2,2,English,,HighCurl,ShapeFirst,,,,-1,
R_OBwcuWkp49lH1gl,Default Response Set,Anonymous,,,75.97.239.178,0,2017-04-03 16:19:00,2017-04-03 16:20:33,0,1,1,1,4.158,7.251,7.255,2,,,,,,,,,,,,4 inches tall,C shaped,2.773,2.773,23.836,1,N/A,9,41,2,1,English,,HighCurl,ShapeSecond,,,,-1,
R_31Z21HJPlAfd7QK,Default Response Set,Anonymous,,,161.6.118.102,0,2017-04-03 11:03:56,2017-04-03 11:06:06,0,1,1,1,0,0,7.202,0,,,,,,,,,,,,About the size of a fist or a baseball,"Round, like a ball.",1.347,1.347,28.649,1,I'm not sure of the reason I was shown that.,9,32,1,1,English,,HighCurl,ShapeSecond,,,,-1,
R_2CelAZfZX6SQwg2,Default Response Set,Anonymous,,,142.197.81.108,0,2017-04-03 11:03:42,2017-04-03 11:06:11,0,1,1,,,,,,1,0,0,9.048,0,Okay,Large,2.31,2.31,38.473,1,,,,,,,It was a hand,9,20,1,1,English,,LowCurl,ShapeFirst,,,,-1,
R_3oBcEdYIAFyf2xA,Default Response Set,Anonymous,,,130.203.167.20,0,2017-04-03 10:41:32,2017-04-03 10:43:05,0,1,1,1,0,0,8.73,0,,,,,,A hand in the shape of a backwards c,The size of a human hand - 6 inches / ,1.18,10.973,20.108,2,,,,,,,It seems to be like a sign language symbol or army hand signal,9,18,1,1,English,,HighCurl,ShapeFirst,,,,-1,
R_2SldHzO8Yqv8Fbd,Default Response Set,Anonymous,,,129.105.81.219,0,2017-04-03 10:33:33,2017-04-03 10:39:16,0,1,1,,,,,,1,0,0,7.428,0,,,,,,,Not very big but not very small. Closer to a smaller size object than big. ,It was the shape of a cube where the fingers are holding the edges,2.355,256.318,288.634,3,None,9,29,1,1,English,,LowCurl,ShapeSecond,,,,-1,
R_0NT2h4VNBvCGA7v,Default Response Set,Anonymous,,,72.185.235.232,0,2017-04-03 10:31:40,2017-04-03 10:32:04,0,1,1,1,0,0,9.921,0,,,,,,,,,,,,,,,,,,,,,,,,,HighCurl,ShapeFirst,,,,-1,
R_se4OIOxOSySS5u9,Default Response Set,Anonymous,,,50.149.207.15,0,2017-04-03 09:43:54,2017-04-03 09:45:11,0,1,1,1,0,0,7.278,0,,,,,,,,,,,,2 inches,round,5.93,15.026,22.846,3,none,9,39,1,1,English,,HighCurl,ShapeSecond,,,,-1,
R_SCxS1tg4oEC7Vdv,Default Response Set,Anonymous,,,66.188.55.188,0,2017-04-03 10:00:36,2017-04-03 10:01:16,0,1,1,1,7.452,7.452,7.589,1,,,,,,,,,,,,,,,,,,,,,,,,,HighCurl,ShapeSecond,,,,-1,
R_1myCeoyIYyT9UMh,Default Response Set,Anonymous,,,68.49.97.229,0,2017-04-03 09:43:16,2017-04-03 09:43:26,0,1,1,,,,,,,,,,,,,,,,,,,,,,,,,,,,,,HighCurl,,,,,-1,
R_SK3oOF1wzkhKiWt,Default Response Set,Anonymous,,,32.213.48.207,0,2017-04-03 09:24:33,2017-04-03 09:25:31,0,1,1,,,,,,1,0,0,8.825,0,,,,,,,small ,round,8.608,8.619,12.768,2,It looked like they were making a small gesture,9,31,1,1,english,,LowCurl,ShapeSecond,,,,-1,
R_30wL68cuzX6oOhL,Default Response Set,Anonymous,,,129.107.50.214,0,2017-04-03 09:05:10,2017-04-03 09:08:57,0,1,1,1,0,0,11.247,0,,,,,,C,Small,1.838,4.39,7.319,2,,,,,,,indicating something small perhaps,9,28,1,1,English,,HighCurl,ShapeFirst,,,,-1,
R_2X6DtqeCB6i5sSp,Default Response Set,Anonymous,,,73.36.162.34,0,2017-04-03 09:01:45,2017-04-03 09:02:52,0,1,1,1,0,0,9.73,0,,,,,,,,,,,,SMALL,circular,1.436,2.537,15.669,2,None.,9,28,2,1,English,,HighCurl,ShapeSecond,,,,-1,
R_27U6oMG08ZUQ4qm,Default Response Set,Anonymous,,,75.85.3.193,0,2017-04-03 09:00:20,2017-04-03 09:03:37,0,1,1,,,,,,1,0,0,7.667,0,,,,,,,The size of the object was approximately 3 inches.,The shape of the object was a circle.,21.267,47.982,58.581,2,I went with the main focus which was the forefinger and the thumb.,9,52,2,2,English,,LowCurl,ShapeSecond,,,,-1,
R_3Rxf6MToY68g408,Default Response Set,Anonymous,,,12.10.86.82,0,2017-04-03 08:02:51,2017-04-03 08:04:35,0,1,1,1,0,0,14.388,0,,,,,,,,,,,,About the size of a tennis ball,Round,3.414,13.934,16.809,2,It looked like someone holding a ball,9,34,1,1,English,,HighCurl,ShapeSecond,,,,-1,
R_28MbsGiFQpry0kJ,Default Response Set,Anonymous,,,50.155.53.120,0,2017-04-03 08:01:17,2017-04-03 08:01:41,0,1,1,,,,,,1,3.403,3.403,7.619,1,,,,,,,,,,,,,,,,,,,,LowCurl,ShapeFirst,,,,-1,
R_2X6zTsNyCpllCd5,Default Response Set,Anonymous,,,174.193.128.150,0,2017-04-03 07:59:06,2017-04-03 08:00:51,0,1,1,1,0,0,9.513,0,,,,,,,,,,,,Small,Circle,1.099,1.099,6.91,1,The hand looked odd,9,24,1,1,English,,HighCurl,ShapeSecond,,,,-1,
R_110hF680EryMwcY,Default Response Set,Anonymous,,,108.198.193.127,0,2017-04-03 07:38:24,2017-04-03 07:40:52,0,1,1,1,0,0,9.372,0,,,,,,,,,,,,"small, like the hand was gesturing about something tiny","Round, The hand was curved ",4.237,43.165,56.173,4,none,9,35,2,1,English,,HighCurl,ShapeSecond,,,,-1,
R_31F3kATFZJV73SH,Default Response Set,Anonymous,,,71.246.236.216,0,2017-04-03 06:55:48,2017-04-03 07:01:26,0,1,1,1,0,0,10.848,0,,,,,,,,,,,,,,,,,,,,,,,,,HighCurl,ShapeFirst,,,,-1,
R_1kZZMhAhIMujiit,Default Response Set,Anonymous,,,208.95.137.180,0,2017-04-03 06:55:47,2017-04-03 06:56:44,0,1,1,,,,,,1,0,0,7.457,0,Round,Maybe the size of a quarter,1.422,2.079,18.23,2,,,,,,,None,9,33,2,1,English,,LowCurl,ShapeFirst,,,,-1,
R_UyB5yVBIq1asO5P,Default Response Set,Anonymous,,,69.47.241.212,0,2017-04-03 06:55:47,2017-04-03 06:57:04,0,1,1,1,4.601,4.601,7.428,1,,,,,,,,,,,,it was the size of a golf ball.,It was spherical in shape.,0.038,27.652,33.59,4,none,9,33,1,1,English,,HighCurl,ShapeSecond,,,,-1,
R_3CO8VlIrnn8qdvC,Default Response Set,Anonymous,,,72.95.41.19,0,2017-04-03 06:03:04,2017-04-03 06:05:30,0,1,1,1,0,0,7.465,0,,,,,,"Shaped as the letter ""c"" with the thumb and pointing finger.",3 inches looks like the distance it was conveying. ,2.846,6.713,65.816,2,,,,,,,Looks like it could be explaining a measurement or the size of something. ,9,64,1,1,English,,HighCurl,ShapeFirst,,,,-1,
R_1OD12zGh5zTvD0C,Default Response Set,Anonymous,,,68.235.155.166,0,2017-04-03 05:59:34,2017-04-03 06:00:28,0,1,1,,,,,,1,0,0,9.386,0,,,,,,,small,circle,2.006,12.58,17.99,3,,,,,,,,LowCurl,ShapeSecond,,,,-1,
R_tSWo4POm56wUp8Z,Default Response Set,Anonymous,,,50.24.165.128,0,2017-04-03 17:26:29,2017-04-03 17:28:01,0,1,1,1,0,0,9.73,0,,,,,,rectengular,4 inches,2.682,35.027,40.984,2,,,,,,,none,9,30,1,1,English,,HighCurl,ShapeFirst,,,,-1,
R_3O1S3CfZ9qlscjp,Default Response Set,Anonymous,,,104.186.150.244,0,2017-04-03 11:24:25,2017-04-03 11:25:11,0,1,1,1,0,0,9.979,0,,,,,,C,About an apple,1.069,6.541,12.024,2,,,,,,,none,9,26,1,1,En,,HighCurl,ShapeFirst,,,,-1,
R_4NFnTki1HJ1h9ct,Default Response Set,Anonymous,,,72.175.125.199,0,2017-04-03 11:03:18,2017-04-03 11:03:54,0,1,1,,,,,,1,0,0,10.539,0,,,,,,,,,,,,,,,,,,,,LowCurl,ShapeFirst,,,,-1,
R_soKTle1GX1gqNYR,Default Response Set,Anonymous,,,99.99.244.218,0,2017-04-03 10:45:06,2017-04-03 10:46:49,0,1,1,1,3.723,7.012,8.09,3,,,,,,Circle,Medium,3.319,20.195,22.596,8,,,,,,,It was giving the sign for small,9,27,1,3,English,,HighCurl,ShapeFirst,,,,-1,
R_qPmoF30QVYb0lPP,Default Response Set,Anonymous,,,47.196.86.209,0,2017-04-03 10:02:04,2017-04-03 10:03:30,0,1,1,,,,,,1,2.325,7.46,9.463,7,,,,,,,The size of a normal hand. I have no better way to explain that,When you make one of those faces you protect on the wall as a shadow,1.318,22.313,23.015,10,None,9,29,1,2,English,,LowCurl,ShapeSecond,,,,-1,
R_1Eby1NyIakF6Mbi,Default Response Set,Anonymous,,,166.216.159.233,0,2017-04-03 10:01:48,2017-04-03 10:05:46,0,1,1,1,0,0,51.165,0,,,,,,It was circular with a tiny square in the middle.,"It was small to medium in size, like the size of a lemon.",3.255,32.63,36.944,2,,,,,,,I don't have any comments.,9,40,2,1,English,,HighCurl,ShapeFirst,,,,-1,
R_2v7anffklSCK0Ny,Default Response Set,Anonymous,,,108.219.212.132,0,2017-04-03 09:59:15,2017-04-03 09:59:38,0,1,1,1,0,0,7.972,0,,,,,,,,,,,,,,,,,,,,,,,,,HighCurl,ShapeFirst,,,,-1,
R_2rilKFiai6GKW5N,Default Response Set,Anonymous,,,50.251.18.187,0,2017-04-03 09:43:25,2017-04-03 09:44:10,0,1,1,,,,,,1,0,0,7.933,0,,,,,,,,,,,,,,,,,,,,LowCurl,ShapeFirst,,,,-1,
R_28V5nI0SZFfEklW,Default Response Set,Anonymous,,,47.146.172.141,0,2017-04-03 09:43:19,2017-04-03 09:45:17,0,1,1,1,0,0,7.957,0,,,,,,,,,,,,Only a few inches - golf ball size.,Circular/sphere,7.186,7.186,29.424,1,I was curious as to why the person only used two fingers.,9,27,1,1,English,,HighCurl,ShapeSecond,,,,-1,
R_5dyAcVwHV8kx6y5,Default Response Set,Anonymous,,,207.172.190.166,0,2017-04-03 07:55:13,2017-04-03 07:56:19,0,1,1,,,,,,1,0,0,10.955,0,,,,,,,,,,,,,,,,,,,,LowCurl,ShapeFirst,,,,-1,
R_bEoNkCzb6Ostcat,Default Response Set,Anonymous,,,47.33.201.241,0,2017-04-03 07:53:56,2017-04-03 07:56:16,0,1,1,,,,,,1,0,0,9.024,0,It looked like a crescent moon,2 1/2 inches,2.105,54.909,59.996,14,,,,,,,Looks like sign language,9,27,2,1,English,,LowCurl,ShapeFirst,,,,-1,
R_2ZQ74XeQHJIRlsB,Default Response Set,Anonymous,,,96.250.62.179,0,2017-04-03 07:34:19,2017-04-03 07:36:45,0,1,1,,,,,,1,0,0,38.571,0,,,,,,,,,,,,,,,,,,,,LowCurl,ShapeFirst,,,,-1,
R_oZxM2hX8zvsCT4d,Default Response Set,Anonymous,,,41.139.207.146,0,2017-04-03 11:07:24,2017-04-03 11:19:45,0,1,1,,,,,,1,0,0,9.518,0,The shape of the hand signaled or gestured that everything will be okay.,The size of the object was normal hand size,10.657,475.157,511.965,8,,,,,,,The question about the size was a bit confusing,9,31,1,2,English,,LowCurl,ShapeFirst,,,,-1,
R_vMN13guwwPu7xmN,Default Response Set,Anonymous,,,165.230.225.249,0,2017-04-03 07:07:11,2017-04-03 07:07:59,0,1,1,1,0,0,7.296,0,,,,,,,,,,,,small,circular,1.687,1.687,9.767,1,no thoughts,9,21,2,1,english,,HighCurl,ShapeSecond,,,,-1,
R_yt0ZVL6BmX3Mo2B,Default Response Set,Anonymous,,,173.216.21.235,0,2017-04-03 06:08:19,2017-04-03 06:11:13,0,1,1,1,0,0,7.181,0,,,,,,,,,,,,"The size was about 4.5"" maybe",The shape was a letter C,3.043,3.043,33.887,1,None,9,36,2,1,English,,HighCurl,ShapeSecond,,,,-1,
R_9F7xaITjy5l8W89,Default Response Set,Anonymous,,,108.245.152.51,0,2017-04-03 17:39:42,2017-04-03 17:42:11,0,1,1,1,0,0,7.552,0,,,,,,unsure,small,8.288,28.208,33.354,2,,,,,,,none,9,22,2,1,English,,HighCurl,ShapeFirst,,,,-1,
R_23V9z0Rd6AO4oUx,Default Response Set,Anonymous,,,172.221.198.176,0,2017-04-03 16:19:39,2017-04-03 16:21:12,0,1,1,,,,,,1,0,0,9.765,0,Dinosaur,big,1.88,10.062,13.453,2,,,,,,,it looked disformed. i dont think i can do that with my hand,9,31,2,1,english,,LowCurl,ShapeFirst,,,,-1,
R_3ltdXvyJo5XuYN2,Default Response Set,Anonymous,,,73.221.141.24,0,2017-04-03 11:00:08,2017-04-03 11:02:36,0,1,1,,,,,,1,0,0,11.421,0,The shape looks like a circle.,The size is maybe having a 2 in diameter.,51.493,51.493,81.739,1,,,,,,,I wonder what the study is about.,9,35,1,1,english,,LowCurl,ShapeFirst,,,,-1,
R_3HANeFMOtWQC4k5,Default Response Set,Anonymous,,,68.8.230.210,0,2017-04-03 10:32:51,2017-04-03 10:34:57,0,1,1,1,5.285,5.285,8.029,1,,,,,,,,,,,,from finger to thumb about 2 inches,the shape was like the letter c,11.601,11.601,51.972,1,n/a,9,20,2,1,English and Spanish,,HighCurl,ShapeSecond,,,,-1,
R_22zXfNdyW0QsK2a,Default Response Set,Anonymous,,,47.20.28.208,0,2017-04-03 10:16:43,2017-04-03 10:18:07,0,1,1,,,,,,1,0,0,7.422,0,It was in a shape of a c,It was about 2 inches,5.804,6.855,18.032,2,,,,,,,It looked like a sign language communication,9,35,2,1,English,,LowCurl,ShapeFirst,,,,-1,
R_1jkAFovmUy0hu7e,Default Response Set,Anonymous,,,72.172.201.1,0,2017-04-03 09:45:08,2017-04-03 09:47:38,0,1,1,,,,,,1,0,0,7.117,0,,,,,,,,,,,,,,,,,,,,LowCurl,ShapeFirst,,,,-1,
R_aY1D7yb1Jn0Fzln,Default Response Set,Anonymous,,,76.78.5.220,0,2017-04-03 08:56:23,2017-04-03 08:57:23,0,1,1,1,0,0,8.262,0,,,,,,A backwards C,around the size of a big bouncy ball,1.723,1.723,21.248,1,,,,,,,none,9,22,1,1,English,,HighCurl,ShapeFirst,,,,-1,
R_2DSnYmv4XuLTbln,Default Response Set,Anonymous,,,98.5.71.51,0,2017-04-03 08:50:17,2017-04-03 08:51:46,0,1,1,,,,,,1,9.047,9.047,10.007,1,,,,,,,Maybe 4-5 inches about size average hand,Letter of C,1.598,19.867,27.268,2,I think it was sign languge,9,27,1,1,English,,LowCurl,ShapeSecond,,,,-1,
R_UGEpnlK2x6ugsZX,Default Response Set,Anonymous,,,72.187.57.197,0,2017-04-03 08:06:52,2017-04-03 08:08:34,0,1,1,1,0,0,8.715,0,,,,,,,,,,,,The size was about the same size as a real hand. ,The shape the hand was making was of the letter C,2.602,2.602,32.266,1,I am hoping I answered the questions correctly. I was a little unclear what the questions were asking for.,9,29,2,2,English,,HighCurl,ShapeSecond,,,,-1,
R_1LAmk44Z8voGvoY,Default Response Set,Anonymous,,,69.253.51.78,0,2017-04-03 08:04:53,2017-04-03 08:06:02,0,1,1,1,0,0,8.863,0,,,,,,circle,smallish - like a tennis ball,1.717,1.717,13.479,1,,,,,,,"I think it was almost like an 'ok' gesture, but a little closed to a 'it was this big' gesture",9,27,2,2,english,,HighCurl,ShapeFirst,,,,-1,
R_79tlpB4KNIxK0c9,Default Response Set,Anonymous,,,72.198.142.208,0,2017-04-03 08:02:38,2017-04-03 08:02:49,0,1,,,,,,,,,,,,,,,,,,,,,,,,,,,,,,,,,,,,-1,
R_6sRru8FY4H8P4jv,Default Response Set,Anonymous,,,50.78.130.41,0,2017-04-03 07:54:35,2017-04-03 07:55:45,0,1,1,1,0,0,9.186,0,,,,,,,,,,,,Small,There was no definite shape. I couldn't imagine it.,19.426,20.807,34.877,3,n/a,9,29,2,1,english,,HighCurl,ShapeSecond,,,,-1,
R_3hscdho8lAD4bBl,Default Response Set,Anonymous,,,132.170.253.236,0,2017-04-03 07:33:05,2017-04-03 07:36:02,0,1,1,1,0,0,9.381,0,,,,,,It was slightly open circle.,Small in size.   As it looked like a small hand. ,2.032,31.805,60.038,2,,,,,,,none,9,37,2,1,english,,HighCurl,ShapeFirst,,,,-1,
R_1eR91J0Of5X9Yvb,Default Response Set,Anonymous,,,50.83.75.194,0,2017-04-03 07:07:32,2017-04-03 07:08:14,0,1,1,,,,,,1,0,0,7.684,0,a B,small,2.246,2.246,6.621,1,,,,,,,none,9,26,2,1,english,,LowCurl,ShapeFirst,,,,-1,
R_1FKS3c5akXcckXV,Default Response Set,Anonymous,,,65.186.20.223,0,2017-04-03 07:03:53,2017-04-03 07:05:26,0,1,1,,,,,,1,0,0,10.25,0,,,,,,,It was small.,Looked like a frog to me.,4.947,14.851,25.506,2,I make that shape when I do shadow puppets for my kids.,9,34,1,2,English,,LowCurl,ShapeSecond,,,,-1,
R_2wNPqVFu3cZD1mn,Default Response Set,Anonymous,,,50.167.253.191,0,2017-04-03 17:24:43,2017-04-03 17:26:03,0,1,1,,,,,,1,6.829,6.829,9.003,1,,,,,,,medium size,round,2.477,9.301,13.951,4,n/a,9,25,2,1,English,,LowCurl,ShapeSecond,,,,-1,
R_zdpR8fxytuZAi3v,Default Response Set,Anonymous,,,173.66.110.237,0,2017-04-03 16:18:59,2017-04-03 16:38:05,0,1,1,1,7.632,7.632,8.626,1,,,,,,line and circle,"a few inches tall and wide, like a regular hand",3.076,48.445,72.246,3,,,,,,,,,,,,,,HighCurl,ShapeFirst,,,,-1,
R_1q2J0GspU7KLApS,Default Response Set,Anonymous,,,76.120.140.36,0,2017-04-03 11:06:19,2017-04-03 11:18:49,0,1,1,,,,,,1,0,0,7.005,0,side view of frog,a little bit bigger than normal,20.547,20.547,49.676,1,,,,,,,no comments,9,40,2,1,english,,LowCurl,ShapeFirst,,,,-1,
R_2zhZnd6iKLYX6Eo,Default Response Set,Anonymous,,,66.30.57.102,0,2017-04-03 11:03:49,2017-04-03 11:06:04,0,1,1,,,,,,1,0,0,7.272,0,,,,,,,Size of a hand,Shape of an apple,1.847,1.847,35.387,1,None,9,22,1,2,English,,LowCurl,ShapeSecond,,,,-1,
R_2viaY42SL687lZn,Default Response Set,Anonymous,,,70.187.148.150,0,2017-04-03 11:03:26,2017-04-03 11:05:54,0,1,1,1,0,0,7.733,0,,,,,,,,,,,,Small,Round,2.495,18.374,22.597,2,It seemed a bottle cap or an aperture was being described or a frame in a photograph,9,61,1,1,"English, Hindi, Russian",,HighCurl,ShapeSecond,,,,-1,
R_1n0lX4TPLKeI1JH,Default Response Set,Anonymous,,,198.60.233.2,0,2017-04-03 11:03:12,2017-04-03 11:03:57,0,1,1,1,0,0,10.05,0,,,,,,,,,,,,,,,,,,,,,,,,,HighCurl,ShapeSecond,,,,-1,
R_1exVk86jlNK75ck,Default Response Set,Anonymous,,,108.73.39.114,0,2017-04-03 10:43:37,2017-04-03 10:45:37,0,1,1,1,5.284,5.284,9.312,1,,,,,,,,,,,,small,"I cannot determine, as i think the gesture was to represent the object's size.",2.61,17.959,40.198,2,none,9,60,1,2,English,,HighCurl,ShapeSecond,,,,-1,
R_25HGRkxXkOV1GMm,Default Response Set,Anonymous,,,204.52.135.132,0,2017-04-03 10:33:12,2017-04-03 10:33:39,0,1,1,,,,,,1,0,0,10.547,0,,,,,,,,,,,,,,,,,,,,LowCurl,ShapeSecond,,,,-1,
R_1MLJczsC9nQuUUm,Default Response Set,Anonymous,,,70.181.1.141,0,2017-04-03 10:32:32,2017-04-03 10:34:36,0,1,1,,,,,,1,0,0,7.145,0,HALF CIRCLE,The size was smaller then a human hand,8.623,31.054,46.652,3,,,,,,,No,9,40,2,1,English,,LowCurl,ShapeFirst,,,,-1,
R_24nE6ujyztnNpQq,Default Response Set,Anonymous,,,142.167.138.233,0,2017-04-03 10:15:23,2017-04-03 10:17:00,0,1,1,1,6.789,6.789,9.046,1,,,,,,spherical like a ball,about baseball sized,2.458,2.458,22.157,1,,,,,,,the forearm looked weird,9,65,2,2,english,,HighCurl,ShapeFirst,,,,-1,
R_2yezpFGJTdMokMs,Default Response Set,Anonymous,,,98.214.245.7,0,2017-04-03 10:05:01,2017-04-03 10:06:19,0,1,1,,,,,,1,0,0,7.708,0,c,"medium, maybe golf ball",2.066,21.833,24.627,3,,,,,,,appeared to be sign language,9,41,1,1,english,,LowCurl,ShapeFirst,,,,-1,
R_2EhiddGFOSXn5vu,Default Response Set,Anonymous,,,68.202.116.132,0,2017-04-03 08:05:09,2017-04-03 08:06:09,0,1,1,,,,,,1,0,0,9.527,0,,,,,,,,,,,,,,,,,,,,LowCurl,ShapeSecond,,,,-1,
R_2Y56YQN5WumO3fK,Default Response Set,Anonymous,,,71.13.66.20,0,2017-04-03 08:04:13,2017-04-03 08:05:34,0,1,1,1,0,0,7.44,0,,,,,,,,,,,,,,,,,,,,,,,,,HighCurl,ShapeFirst,,,,-1,
R_2vcqZ5xTvD1nMmE,Default Response Set,Anonymous,,,50.248.157.1,0,2017-04-03 07:51:03,2017-04-03 07:52:29,0,1,1,1,8.031,8.031,9.119,1,,,,,,,,,,,,The size of an average smaller man or woman's hand.,"The shape was the letter ""C""",2.658,2.658,25.868,1,,,,,,,,HighCurl,ShapeSecond,,,,-1,
R_3q8xT8a3qfopGGf,Default Response Set,Anonymous,,,73.225.241.108,0,2017-04-03 07:44:39,2017-04-03 07:45:52,0,1,1,,,,,,1,9.572,20.316,39.742,5,,,,,,,,,,,,,,,,,,,,LowCurl,ShapeFirst,,,,-1,
R_RUnv38AC0tob5zX,Default Response Set,Anonymous,,,68.114.108.36,0,2017-04-03 07:44:17,2017-04-03 07:45:34,0,1,1,,,,,,1,0,0,9.533,0,like a bunny,medium sized,3.377,26.63,31.003,5,,,,,,,interesting,9,39,2,1,english,,LowCurl,ShapeFirst,,,,-1,
R_41IDLMrIrrKV4Ix,Default Response Set,Anonymous,,,64.188.166.58,0,2017-04-03 06:56:06,2017-04-03 06:56:48,0,1,1,,,,,,1,0,0,7.852,0,,,,,,,,,,,,,,,,,,,,LowCurl,ShapeFirst,,,,-1,
